,f1,f2,labels
0,-0.8053032663097792,0.5321221639791445,0
1,0.07527939809387359,0.14324723413693258,1
2,0.09906953501711015,0.10282390335592523,1
3,-0.12689835464473395,-0.9404279451738132,0
4,0.1635747577531765,-0.19046185597926432,1
5,0.02000249894238057,0.24313021680608704,1
6,-0.21075537468889582,-0.07420295145282585,1
7,-0.05488513203483575,0.1269813850581496,1
8,0.1356807142980528,-0.16089693827527543,1
9,0.9985302058607822,0.13192719758394023,0
10,-0.016697730108202663,0.19980710760190468,1
11,-0.17852900970810473,-0.032610366555518765,1
12,-0.045290979050204044,0.9284806979218647,0
13,0.359193464095935,0.8604343379615056,0
14,-0.17682919008105333,-0.9365078612112142,0
15,0.18915366332536943,-0.17399457988019468,1
16,-0.9978776673445189,0.3134566463270727,0
17,0.1689477247792855,-0.08121037068359384,1
18,-0.16256021025481948,-0.10395472177634767,1
19,0.03573648571228674,0.15205461333115855,1
20,0.11325963995314464,-0.15527058500398427,1
21,0.05269477113102344,0.20170341239473707,1
22,0.2590772381910204,-0.9645344218968686,0
23,-0.24805954519527146,-0.1480407636768209,1
24,0.2756676432029982,0.10371205794208765,1
25,-0.08797460974610286,0.1532037433580935,1
26,-0.9738991693074162,0.1647272635762411,0
27,0.06435016673518024,0.15876658411047737,1
28,-0.9186692466404008,-0.10883505321707036,0
29,0.15317489222161246,-0.09940170955071133,1
30,0.004657579995239334,0.2260524801179191,1
31,0.22140158521607095,0.14755632240402827,1
32,0.18191278507697492,-0.012997462623819525,1
33,0.035205551107079076,-0.27478397581285086,1
34,0.3131842005091223,0.15977844515248685,1
35,-0.9050517479235896,0.4616537361258253,0
36,0.2637556056188195,0.022676853373202046,1
37,0.5933932060070389,0.8858248228743865,0
38,-1.049142845495697,0.026401941802881128,0
39,1.0455769802562607,-0.008370035220686835,0
40,1.0318344231646954,0.162205043980048,0
41,-0.10636623267200922,0.07769531598354028,1
42,-0.04348801618249101,0.20187580600516974,1
43,1.0355286513752107,0.13317007260204466,0
44,-0.15047390367896646,-0.15231923948709586,1
45,-0.9820236229378997,-0.11518660104026213,0
46,-0.5720253774295988,0.7738150453332623,0
47,-0.3166615289052723,0.9064986897384899,0
48,0.12567594428115,-0.25227465529823023,1
49,0.17048724571640705,0.13660357716562288,1
50,-0.19908378299856805,-0.06731369306497585,1
51,-0.031960967642531764,0.16740417083929282,1
52,0.8864704846712869,0.38303968575151326,0
53,-0.8689817846051561,-0.4496860783190362,0
54,-0.16924848459444813,1.0533400180496664,0
55,0.9205131934229929,-0.3821990178288295,0
56,-0.9052631400817287,0.07893375557232359,0
57,0.02206288479990779,-0.12359743695635213,1
58,0.2447216811360843,0.06272116145247394,1
59,-0.1461142345575509,-0.05257527417885234,1
60,0.6279742181108829,-0.8186400815556056,0
61,-0.18609892984456633,-0.019610124430645484,1
62,0.16533565809092396,0.06768740821734673,1
63,-0.09745702302131667,0.14012908255534562,1
64,1.0478078064518508,0.28725364329885067,0
65,0.29399784972610843,-0.949697562273019,0
66,0.8389059029140629,-0.44312050012236637,0
67,0.1327294449451458,0.1957185891627455,1
68,-1.0143134119198602,-0.05544161922270344,0
69,-0.6975476363548918,0.7889037823534204,0
70,-0.15008725939446738,1.039423840466882,0
71,0.7812577332800564,-0.7007783328442537,0
72,0.08796713341137989,-0.11595314012006673,1
73,-0.06688042821929824,-0.21684388729954698,1
74,-0.4285591828677771,0.9189499845170218,0
75,-0.1482486394961235,-0.16289124587578374,1
76,0.5607178493614163,0.7795962499091957,0
77,0.369557094865675,0.8119693702279581,0
78,0.09305303151033205,-0.16712411172175062,1
79,-0.2569464618270757,-0.06197669794107473,1
80,0.9483751415746007,-0.46967782239186573,0
81,0.8471983039529822,0.6536107461194203,0
82,-0.7436834167474482,0.6576587625294046,0
83,0.11138082675126984,0.21617396535964428,1
84,-0.08689274008722221,-0.18512206232722964,1
85,-0.03772947614407306,1.0253083861899204,0
86,-0.0823206172381294,-0.22374274546921488,1
87,-0.05015034425835568,0.9776259929762767,0
88,-0.9079329999853631,0.06193295183045183,0
89,-0.3349989520337771,0.98353458408867,0
90,0.9615897123415506,0.319624306794704,0
91,0.16128771647657858,0.033897365533541175,1
92,0.6498598050764386,0.825521746075788,0
93,-0.22577496456412852,0.15812112359148572,1
94,-0.24759023051056744,-0.17548501691048252,1
95,0.24802391339408886,0.010035395137022745,1
96,0.15185328004184515,-0.14348018258554682,1
97,0.9923466720078785,0.4876082177094874,0
98,0.14829611808120965,-0.142903824867658,1
99,-0.06611079866418529,1.0231383321694127,0
100,0.23488272670164514,-0.04507399185649015,1
101,-0.04338425582804267,0.11086408330258511,1
102,-1.0106469532397508,-0.22294335720138905,0
103,-0.1444378722239314,-0.006289176406618281,1
104,0.95606389378823,0.16723078107233286,0
105,0.6551224413764639,-0.5503435989555651,0
106,0.1083613123519622,0.12250737572720637,1
107,-0.14176965615234444,-0.20441511767693848,1
108,-0.050016542044553566,0.29851078633007233,1
109,0.7455783718167743,-0.6756908479871319,0
110,-0.8333761046351917,0.7687658504820885,0
111,0.014016112881697393,-0.08484917272098398,1
112,0.8838233178432605,-0.07374251061603128,0
113,0.259670998280264,0.04845618715161471,1
114,-0.17194730915301065,-0.024794272652746113,1
115,-0.6385947072190843,-0.8740228654077229,0
116,0.1105723781299524,-0.06709037543507612,1
117,0.8809755312064849,0.43693602641235035,0
118,-0.3256208051794777,-0.9020417578650872,0
119,0.9606284137906933,-0.0035415414688449373,0
120,0.6684157401109881,-0.7933721752372529,0
121,1.0042497157671644,0.11650513130132042,0
122,0.19853055223663701,0.05652367108023633,1
123,0.5385442437977226,0.8000456884443139,0
124,-0.08137729107755326,-0.14563598793865573,1
125,0.16446618590383877,0.14287142668370956,1
126,0.9795942563333592,-0.3344264447805512,0
127,-0.22234326712525834,0.10964485928627579,1
128,0.1724060567068072,-0.9945773013094263,0
129,0.044058598466746715,0.11020607380662387,1
130,0.4226803538139341,-0.9200648390192221,0
131,0.6385488765326143,0.7738390892677746,0
132,0.09292590235077978,0.9682942399422513,0
133,0.20534535793582906,0.9585144429566165,0
134,0.11418025301676554,-0.0971945978136303,1
135,-1.0165965617934727,0.19206116589801137,0
136,0.99300994573662,-0.14645959436599415,0
137,-0.0011813868104384052,0.16386646206498337,1
138,0.04338280990520124,-1.001023128561826,0
139,-0.052561721040385895,0.9889172552127984,0
140,-0.068703677689735,-0.14963828246047226,1
141,0.25081257670182167,-0.963765795342996,0
142,-0.15188783781250295,0.02188410548801352,1
143,-0.8941598933120953,-0.43042012052015927,0
144,0.8301107400601968,0.4678999995356571,0
145,-0.7405251368296166,-0.6711341635766005,0
146,-0.4572692192039739,0.9800026410646179,0
147,0.7141384586752813,0.6322081431347878,0
148,0.07352737899966079,-0.22701322180098155,1
149,0.17073008138807094,-0.15717058220238028,1
150,-0.912528661942303,0.3021250169959038,0
151,0.2033709517742279,-0.09315841632534445,1
152,-1.0409335514844333,0.031785071199521925,0
153,-0.09457990821889628,-0.044274726203040196,1
154,1.0623006416661267,0.17793957557483545,0
155,-0.25100301440681766,-0.9932714701531666,0
156,-0.11663152296472792,0.9648924333158225,0
157,0.8213552955739458,-0.5114873742482329,0
158,-0.8929160258482053,-0.47571451265255904,0
159,-0.14435948202243576,0.15322231622014398,1
160,0.12879035334326813,-0.11177619098530103,1
161,0.09765732348360065,-0.13737194342621503,1
162,0.18347247405765615,0.1499811724475943,1
163,-0.08120639315172105,0.2522112179934437,1
164,0.148490441872292,-0.05980905235630023,1
165,0.7401887028709001,-0.5363089043433075,0
166,-0.15642485018868577,-0.1498936548045164,1
167,0.17754258451082533,-0.1474602698370848,1
168,0.32927863953042297,-0.8848335482604555,0
169,0.19708198820599496,0.150468025355322,1
170,-1.0067894745806116,-0.13820078479811893,0
171,-0.19566655803694058,0.15825111659366561,1
172,0.7322402448989651,0.677288246704103,0
173,0.3933174339597132,0.9747511593110438,0
174,-0.9962641899488965,-0.15405779481774798,0
175,0.1947717415802157,-0.1667758636025053,1
176,-0.3529351346172287,-0.9412982267321044,0
177,-0.5698598835482244,0.8813128239811171,0
178,-0.02218025852594023,-0.0972647700554074,1
179,0.28500489228803627,0.9248939691259088,0
180,-0.12480202487975313,0.13068240438910914,1
181,-0.07696101531849124,-0.02437230432445716,1
182,0.18568402587025468,-0.13096965149215792,1
183,0.09000604040781873,0.9582292256184112,0
184,-0.1682320761395573,-0.22411880901343553,1
185,-0.02834474530291191,0.09528900571788051,1
186,-0.1959083611274315,0.13263751605623766,1
187,0.7281699376489146,-0.7093114284637344,0
188,0.1864795361289082,0.9844156721397019,0
189,0.15774744233564056,-0.09403796788235189,1
190,-0.16446765848134687,0.13860500809030862,1
191,-0.46984945867509165,-0.9374818757189671,0
192,-0.8964781285847746,0.24139682958046624,0
193,-1.0053091107140544,-0.3254847085822619,0
194,0.7812954339613757,-0.5460514426555743,0
195,-0.08990773021751765,0.09176773904819244,1
196,0.2189093752873068,0.03626546076440139,1
197,-0.7385694253416335,0.6171386235719583,0
198,0.15324836644252232,0.19927683433612814,1
199,-0.13166754055462723,-0.08578911486707151,1
200,0.04899161909262073,0.06661815502874492,1
201,-0.47167678732318213,-0.8052486505430969,0
202,-0.910595397540884,0.42619560050677435,0
203,0.8962275838748122,-0.44364914058290794,0
204,-0.10709180898352876,0.13053034237355804,1
205,-0.011506242000558595,-0.24612768990026004,1
206,-0.22275477610270264,-0.18087189850069327,1
207,-0.05686731966641617,-0.10011797849465756,1
208,-0.9879634210930641,0.27151653212899635,0
209,-0.12282265408999418,0.12052134988765208,1
210,-0.26957609265860905,1.0009078784812315,0
211,-0.039477319347342825,-0.9824886855074897,0
212,-0.32379997571669716,0.9161698980873411,0
213,0.09019534906107839,0.16954656172272356,1
214,0.1859548710940037,0.9660507374745407,0
215,-0.7379791698870911,0.7113355624482004,0
216,-0.13779191404825195,0.11869034559768979,1
217,-0.0315821865664279,0.9615049610969135,0
218,-0.16841101003536413,0.18904109160801402,1
219,-0.5120002771755312,-0.8350351767121508,0
220,-0.748937461695948,0.6229576433216626,0
221,-0.13892339347887508,-0.9720680972858692,0
222,0.3414312270324345,-0.9572386869028459,0
223,-1.0105621410474215,-0.16357974541381903,0
224,-1.028135275563933,-0.32544611593266076,0
225,-0.11268946988426942,-0.18512436132800464,1
226,0.1380915788341389,-0.06150949878035477,1
227,0.06007030469878361,-0.19707015532934247,1
228,-0.9500485249653134,0.22528912358583078,0
229,0.055933852306610785,-0.1453682769136681,1
230,-0.5623355764359667,-0.813673544868559,0
231,1.0302194862902918,0.16087889035902034,0
232,0.028520352880106972,-0.12400480594987269,1
233,0.12496822504191386,-0.08429226998025352,1
234,-0.00027943019472641967,-0.1838061712639925,1
235,0.12584751519076873,0.15497591750269507,1
236,0.14387051279323557,0.13592438822517205,1
237,-0.11953784221991756,-0.09001427047575561,1
238,-0.6971824852012374,-0.634930689925793,0
239,-0.12219643751657512,0.2688585059035826,1
240,-1.0024078853115617,-0.00695605640492486,0
241,-0.9027193112409362,-0.5647499025538076,0
242,0.9207565826985904,0.03593957136467051,0
243,0.899650294866492,-0.2648026283200615,0
244,-0.784623036610311,-0.695334149007891,0
245,-0.14157505307143192,0.1650438451244383,1
246,-0.8783501665385074,0.24616725354542818,0
247,-0.7042499925246667,0.6584597219405424,0
248,0.8222986402515462,-0.7190369302059261,0
249,0.43383108439707013,0.9384768003780287,0
250,0.19151756258013608,-0.015626471031957318,1
251,-0.06515174387359812,-0.1377143832193933,1
252,0.02241375423173423,-0.19765678071935047,1
253,-0.0367758573679387,-0.15833552507487803,1
254,0.0030913157878899996,-0.12250631967857563,1
255,0.9244307766527053,0.38786325813619765,0
256,0.1019894876396995,-0.14084259319744136,1
257,-0.05567848543693647,-0.17966550356107175,1
258,-0.08299251310037944,0.2480995083548921,1
259,0.13657247494056815,0.9943763288511395,0
260,0.1645600215379675,0.11428526032216281,1
261,1.0386601433193445,0.045894987020779494,0
262,-1.041896335274781,-0.12731595224039724,0
263,0.03723506598600297,0.09315072207289309,1
264,-0.9066461034395558,0.031590272537511316,0
265,0.05770440977220362,0.25324275710968813,1
266,-0.04700394241558975,0.1841566816873671,1
267,0.22391741612922106,-0.008846813792505431,1
268,-0.12185678113024596,-0.26212850200861615,1
269,-0.00477545760392032,-0.1713299477699062,1
270,-0.911638998803604,-0.3213716350520739,0
271,0.021197819605017838,-0.9717800952523667,0
272,0.47466370661939833,-0.8494427730652286,0
273,-0.7624428619877863,-0.5761809804067343,0
274,-0.9144652341623942,-0.23336980274397895,0
275,0.1537057112826462,0.07688973673055721,1
276,-0.10043229669349177,-1.0263022884490396,0
277,0.1903720014600159,0.978150015562341,0
278,-0.1388534891037999,-0.22040569863720383,1
279,0.11661260315556904,0.07511857810944106,1
280,-0.13671894906909604,0.0050291884658856326,1
281,0.04654646815392616,0.11498196075524841,1
282,-0.15414649072301606,0.10177159299840163,1
283,0.48769991320392264,0.7631676038094537,0
284,0.1659848183489546,-0.024446207541042816,1
285,-0.368411798014627,-0.8443647294704466,0
286,0.19444064689525703,-0.9631962494639352,0
287,-0.4789546662418317,-0.9526224484692586,0
288,-0.17397588062265906,0.22575169461668482,1
289,0.9377936038813304,0.31639610756216036,0
290,0.6233823754006248,0.8157339711806573,0
291,-0.1892144063455564,-0.08651397963120273,1
292,0.0002857763133280334,0.18904069561333156,1
293,0.3191838872643718,0.9657843984031398,0
294,0.8954817645801338,-0.4212846083384292,0
295,-0.9344496515316655,-0.4211709621965815,0
296,0.9670116200494504,-0.16066930599509527,0
297,-0.1605402685800573,-0.9191875310117202,0
298,-0.20175041679579697,-0.014086940533953003,1
299,0.3351813206971038,-0.8522605218701669,0
300,-0.263568185420916,0.07851845570467167,1
301,0.20265986557880988,0.1126670772814209,1
302,0.01330430595881476,0.18735358540857697,1
303,-0.5438057233927318,-0.8478082604187316,0
304,0.020043764365415336,0.14287428271117122,1
305,0.21995636192117515,-0.16208061481564778,1
306,-0.7122485735715759,0.6395800165583783,0
307,0.22181852877419547,0.9939441433507517,0
308,-0.13892503378108484,-0.28052378862080396,1
309,-0.03530023264588386,-0.16621933423510432,1
310,0.9742571480979159,0.20152250494443105,0
311,0.1711450015530481,0.10093321833498495,1
312,0.867383267707147,0.4536050434192707,0
313,0.1089398216361344,0.07183854232478626,1
314,-0.10632210199757777,-0.105206867572819,1
315,0.9426170109523707,-0.11402680276145911,0
316,0.38151018298323347,0.9951313860360712,0
317,-0.8002788252746738,0.6198148838667692,0
318,-0.19238019888005994,0.14578605338741946,1
319,-0.018565774259599294,-0.19245690150236994,1
320,-0.5700739080993498,-0.8322340642371449,0
321,-0.13793043394238033,-0.04523859185668973,1
322,0.9192696338726822,0.10434649656192797,0
323,1.041984932085141,0.37982712409773034,0
324,0.036923790069833,-0.1646742836037887,1
325,-0.22926554322497905,-0.026442434537444597,1
326,0.8035124201636877,-0.5665767705202504,0
327,-0.2638552235868201,0.04827317204866868,1
328,-0.08328849210809822,0.12191276893190153,1
329,0.787859971270985,0.6484979542256168,0
330,0.043078421762946295,0.16677027386793403,1
331,-0.09592222877011038,-0.1632129927077737,1
332,-0.0784969821394166,-0.1796444995541823,1
333,0.13509979371367617,0.060575927692870526,1
334,0.44545732235125135,-0.920367134253576,0
335,-0.18018369654836153,0.9319948145962021,0
336,0.2792344370829978,-0.9333240528196899,0
337,0.6287039541780605,0.6733295179718197,0
338,-0.11966636899979244,-0.01696839397370882,1
339,0.5848624778352174,0.7969392905081133,0
340,0.1960876484652774,-0.12419096798211975,1
341,-0.12781055976215802,0.11126784325577123,1
342,0.001685784938550261,-0.9274211135666661,0
343,0.26405516451525096,0.2279857732550747,1
344,0.28608143799690194,-0.8686219175861591,0
345,0.196553460616452,-0.11354095673816787,1
346,-0.009208454319877733,-0.2020568141621329,1
347,0.9437266953825283,0.07418106152326895,0
348,-0.15988162190373745,-0.09483980705990416,1
349,0.7591754644435461,-0.7660262860661102,0
350,0.8369317136477425,0.24087721433506176,0
351,0.2540306589101417,-0.13534997050531714,1
352,-0.18020538896575203,0.14807955075102686,1
353,0.2893082182203933,-1.039701859960317,0
354,0.9800002038891303,-0.34132525695608185,0
355,0.05770793626776606,0.18670357637382132,1
356,0.025280707421229037,0.15191977938661919,1
357,0.20047107582884663,-0.08677407096283722,1
358,0.9101220300863562,-0.03382951462098159,0
359,0.084987483189618,-0.9322917958059694,0
360,-0.14365008135838975,0.07959860265314223,1
361,0.7175981322318989,0.7418944248413055,0
362,0.04576663517703578,0.14659459082191356,1
363,0.18067397995521137,0.10780972519886892,1
364,-0.9246963319185502,0.42412232985093906,0
365,-0.14290758726622274,0.04758459236686291,1
366,0.827298623517181,0.49950007470779056,0
367,-0.7223948373901051,0.7820811250799298,0
368,-0.03401629748659655,0.1875852240282171,1
369,-0.2178027845183189,0.08331918991439725,1
370,-0.5814580785814556,0.9438826767880586,0
371,0.37464663010457705,-1.0196802115160637,0
372,-0.45517142338792643,0.9298533686490972,0
373,-0.29157950369495644,-0.9771070127460356,0
374,-0.1754550931206718,0.1302317508811897,1
375,-0.1745263429043794,-0.08607512805450902,1
376,-0.9936637213992422,0.2562390502719206,0
377,-0.8501076438256275,0.44004478598438485,0
378,0.23263996501468892,0.19168207257123282,1
379,0.6988739216086154,0.6617612779891258,0
380,0.6585331234804306,-0.6770140431186894,0
381,-0.9611624248986671,0.3717721055296361,0
382,0.8793814644432281,0.2831720119898794,0
383,0.11381482558654576,0.15249476025806297,1
384,0.627893790597871,-0.8182881621619728,0
385,-0.009501301658857847,0.10493347653858814,1
386,-0.08133546392454846,0.15914066540522998,1
387,-1.0385371064051492,-0.03231792863797023,0
388,-0.09193376188247458,0.13427207063504476,1
389,-0.04362795777317089,-0.2725511337503145,1
390,-0.2959487136660414,0.9569914984481325,0
391,1.0236449225461857,0.3255659965806999,0
392,0.12156361681842101,-0.2074333038691213,1
393,-0.1192610972790615,0.14893176343812872,1
394,-0.12139611498198644,0.12354256160670105,1
395,-0.6201394814056354,-0.7695647818869163,0
396,-0.6474416637489391,0.6848109369733394,0
397,0.09830711491317884,-0.16160453087863128,1
398,-0.05075009380568369,-0.15030051774166525,1
399,-0.9909106513742364,-0.3866774877168506,0
400,-0.8837441216640338,-0.5585860809885815,0
401,0.5506063827308756,0.9260730899102586,0
402,0.09641192711883764,-0.2001973499719436,1
403,-0.39202437314900024,0.9153919704583534,0
404,-0.2594533997086216,-0.9866587494718464,0
405,-0.9087562744196236,-0.176891812340368,0
406,-1.0219954975498544,0.08870812147946645,0
407,-0.04332647917576258,0.9695657033520624,0
408,-0.2316416318951643,-0.04415747578024875,1
409,-0.1436744692923028,0.06717774178361854,1
410,0.39583093160101634,0.8962701910018867,0
411,0.10094534380452505,-0.20640751617941455,1
412,-0.7099577368973155,-0.6784328327695037,0
413,-0.23553388269382936,-0.06201281847024622,1
414,-0.8685078989679146,-0.506123184782238,0
415,-0.593645781017109,0.7807213803104456,0
416,0.08765147514781965,0.2231782480947498,1
417,-0.15409764091424913,0.06333473026689253,1
418,-0.10609669013637942,0.23823008263609172,1
419,0.892719640749109,-0.34779492175179105,0
420,-0.23494935092314623,-0.059483087707612084,1
421,-0.03874404464495035,1.038951296422908,0
422,0.10201474125502893,0.15762455340535353,1
423,-0.320878846034054,0.9802622076907201,0
424,-0.1599646976917987,-0.12205240865624228,1
425,-0.8258163555520305,-0.4967778913115931,0
426,0.5507624779785972,-0.7987956418905164,0
427,-0.3579046847950687,-0.9402374816749417,0
428,-0.20447157444524686,-0.0939092540594971,1
429,-0.9158482564792343,-0.37151201446116083,0
430,-0.17699683049960754,-0.09990501419344584,1
431,-0.1560506102109338,0.977342797605588,0
432,0.28715797182418307,0.87019512381555,0
433,-0.19317977956036073,0.027240902414487626,1
434,0.15794625590485672,0.18374002176539406,1
435,-0.9002805928515795,-0.33046526185165914,0
436,-0.11932789020015427,0.15453288696165385,1
437,-0.6679864190044771,-0.7574002385621759,0
438,-0.5059368957454069,-0.8637676880751656,0
439,-1.0114757189351284,-0.10180827950773651,0
440,0.05434826647038028,0.2886039156923801,1
441,0.16303806957263217,-0.11927400187244427,1
442,-0.10710161255466066,0.09431784392035739,1
443,-0.4922587490408703,-0.8536536580920926,0
444,1.0335620409626858,0.09048928769740036,0
445,0.26164721198868085,0.9155141197711427,0
446,1.0083368484725503,-0.3013228350919024,0
447,-0.7938624482386211,0.6063811555550211,0
448,-0.8924335208295647,0.38502748411523285,0
449,0.08990530785793682,-0.9664603131630105,0
450,0.19405874398646386,1.0910053343768586,0
451,0.9339116584639723,-0.23133919299562647,0
452,-1.012568447626776,0.2374229931931145,0
453,-0.3046627568748399,0.009690000406967221,1
454,0.07661463425045942,-0.1635799067497195,1
455,0.12699226602165087,0.10752477039662815,1
456,-0.12519618422073475,-0.014922814502731807,1
457,0.9718729955739389,-0.1086627527119461,0
458,0.0870662731757387,-0.08509795204425341,1
459,0.1774502328233306,0.08060284798757873,1
460,-0.7491797010973916,-0.6085956165784482,0
461,-0.19017702875144435,0.055159675951741864,1
462,-0.9293943670540985,0.08360445098756433,0
463,-0.11198060420957077,1.0097925987504643,0
464,-0.2531885450414024,-0.972638188108551,0
465,1.0198416806045425,0.21519134912585997,0
466,-0.20725156332161093,-0.16553537341564914,1
467,0.1574577578930086,-0.03494218900563087,1
468,0.1918095975477728,-0.050391498324429254,1
469,-1.0203689483224754,0.06178832642503483,0
470,-0.17372701703555904,0.044076949067736446,1
471,0.935747589435754,-0.0488132929703802,0
472,-0.10306779583342073,0.06803813334399614,1
473,0.5197473830255952,-0.9071793978125392,0
474,-0.18723751063730623,0.038654229063655995,1
475,-0.5023559547943287,0.8278738016647287,0
476,0.04793985503206682,-0.23574741488099898,1
477,-0.047843896161056026,-0.2835137319252413,1
478,-0.027738364876367185,0.14981162493625472,1
479,0.823039993627375,-0.5972763296516524,0
480,0.16120817628587525,-0.034091130679590326,1
481,0.1900798897719162,0.17297128977105947,1
482,0.21778534946108646,-0.031920888167207326,1
483,-0.044935234682812304,-0.15008971464362642,1
484,-0.983880146180603,0.03887900391345108,0
485,0.8831209148534402,0.5516521130405672,0
486,0.821425293988237,-0.17978450825150277,0
487,0.023410026551794763,-0.9597045257402446,0
488,-0.20110391747372877,0.11063472917413636,1
489,-0.1989333798583177,0.004189133156275858,1
490,0.43539054780975933,0.9496313515319246,0
491,-0.37264687484472114,0.9217283953410425,0
492,1.034790182136642,-0.05854205738291465,0
493,-0.7292649977130732,-0.6162441025085221,0
494,0.17410643642329646,0.2059276473252078,1
495,0.9059338897916116,-0.31652811716116114,0
496,-0.13857437108099743,0.005899740452263116,1
497,-0.23295223443808183,0.10884187831547228,1
498,-0.003416919792496892,0.18917830645208167,1
499,-0.17897006248449268,-0.05440034591087585,1
500,0.1682999818439262,0.1194459086538414,1
501,0.8378661765285378,-0.3490748157209154,0
502,-0.20215303292658068,-0.14837570117225524,1
503,-1.0277904213095235,-0.13729057574051093,0
504,0.79447763857607,-0.6005217347296352,0
505,0.02154110706256658,0.15368571574176298,1
506,0.14909153083310867,0.1732403013230466,1
507,1.1031668636470235,-0.27989325067309717,0
508,-0.774730721359981,-0.6451156457522196,0
509,-0.3874382028739127,0.9293235662643217,0
510,-0.5082546008719603,-0.8195214614779447,0
511,0.16890872635993245,0.13329781638109883,1
512,0.5505773273722206,0.8814552961847346,0
513,-0.82590449410431,0.5223696562942505,0
514,0.08872524889271638,-0.16604421067000213,1
515,-0.9997937918146099,-0.08760788580033962,0
516,0.8321259592075451,-0.630361055948705,0
517,-0.1090432528822731,0.9983531773666384,0
518,0.8964646488063149,-0.3723084536609821,0
519,-0.03600047468396645,0.12460677156429692,1
520,0.1588125390816205,0.03030887807565999,1
521,0.26849616829170775,-0.18402244416703814,1
522,0.018335174184018144,0.1792473144557811,1
523,0.18378429362245474,0.0714462169233426,1
524,0.19455720031104423,-0.22269096439401592,1
525,0.089372089472354,-0.23584161704797343,1
526,-0.1569496041978536,0.15193165806221265,1
527,0.6890929420667178,-0.7059453758885063,0
528,0.15179474006247584,0.11087060116369626,1
529,0.18799864306464203,-0.08009270249186291,1
530,-0.6852198562820555,0.6973175774131872,0
531,-0.8246616756385908,-0.6292294942149732,0
532,-0.10878451745560201,0.02342095273170622,1
533,0.5640858746872789,0.7445360711448713,0
534,0.21481128521780138,0.880157609443398,0
535,0.13399897416001386,0.21234158716400714,1
536,-1.0182274056018872,0.19407421752975873,0
537,-0.03008859265116612,-0.1694364461953089,1
538,0.19079283028108812,-0.09424033222238087,1
539,-0.34514302788019774,-0.9377168072965848,0
540,-0.36645725537329715,0.940455508339277,0
541,-0.1770163767467964,0.13065722761299897,1
542,0.14173103992173164,0.06837682613385618,1
543,-0.03170492095096769,0.11491130512045825,1
544,-0.7473341177625653,0.6504840436234905,0
545,0.07875760260238689,-0.9472819339868715,0
546,0.1694157656536293,0.025729082349510678,1
547,-0.8714757364588038,0.5409312229552542,0
548,-0.9712987075821217,-0.3752098770118139,0
549,-0.8518650397982108,-0.7490406291971684,0
550,-0.03938887674351119,0.24202212768995568,1
551,-0.08813411759120823,-0.2264437540720954,1
552,-1.0150758855862019,-0.3181540250100341,0
553,0.02346205474870472,-0.11623924628117213,1
554,-0.006854054053445027,0.1193813833595006,1
555,0.27264591686511597,0.9108827390331882,0
556,-0.18888521463192867,-1.0631483951489886,0
557,0.9546684240095328,-0.09073861228904612,0
558,0.027433016150539023,0.24621706024472795,1
559,0.6329327514320612,0.7287994406951458,0
560,0.5084435496635896,-0.8949723366602611,0
561,0.31781921157239884,0.9867659935499336,0
562,-0.040766858833468894,-0.0784646765815986,1
563,-0.37835151934640665,0.8720749001851258,0
564,-0.05031106340718698,0.2321978656948004,1
565,0.5364620236739125,0.8215946323921091,0
566,0.1832139975777019,-0.004016456085132111,1
567,0.07830238494292174,0.0915672578826133,1
568,0.9191145414253016,0.0911617791897874,0
569,0.9096708280397527,0.34151959766640105,0
570,0.18198973048028871,-0.09290575650006003,1
571,-1.0303611908946968,0.21294596701345792,0
572,-0.15781446779435712,-0.056368203884395535,1
573,-0.13606074234935925,0.04698147512895999,1
574,-0.12999450368922172,0.227540376537454,1
575,-0.9653830773416809,0.44314048745943624,0
576,0.9422444286943766,-0.04669613787589321,0
577,-0.46314650608173835,0.882004667893799,0
578,0.45783551812522005,0.9088878144789917,0
579,-0.15843978066491066,0.004842867082037062,1
580,-0.12557456596532177,0.07110513013017787,1
581,-0.5147019215459611,-0.8427107862877916,0
582,-0.20995925164311136,0.19075387150847029,1
583,-1.0089879985978625,-0.2575994096422974,0
584,0.073243969378355,-0.2644230896892582,1
585,-0.10255960818847078,0.04437344025831265,1
586,0.23844576436912016,-0.9753173919168137,0
587,0.5472314022777609,-0.9275716405937771,0
588,0.2028439783886572,-0.1283547714232731,1
589,0.21885634438793924,0.9969360717546402,0
590,-0.6259207794338895,-0.7632082648721699,0
591,0.37020661675260874,-0.9711463747696041,0
592,-0.14027843637721993,-0.07116422172471681,1
593,0.24628138388151932,-0.870383162034418,0
594,0.07114010870104738,-0.1042142700414132,1
595,0.5502926844602519,-0.8265488106874054,0
596,0.7492435378014572,0.6459709343019324,0
597,-0.592430410394583,-0.8313401395669531,0
598,0.12270465426648425,0.23910673442863176,1
599,0.89894403993448,-0.03664441023028981,0
600,-0.048099639708912324,-0.17187123824167022,1
601,-0.06474094999841826,-0.2156336283048535,1
602,-0.016312869950703506,0.25282729050767366,1
603,-1.0052260108793383,0.1493028782427434,0
604,-0.016096152385992157,-1.040486779825445,0
605,-0.7097162526657055,0.6958807138501755,0
606,-0.8714965379433218,-0.4088923332465747,0
607,0.26793268209682675,0.9390153229023531,0
608,-1.0682531058396871,-0.09748502753535994,0
609,0.105428351858073,0.06517929720929815,1
610,0.19018289157915091,-0.0713498533027741,1
611,-0.1802568365730857,-0.046221690468268184,1
612,-0.09818059946615544,0.17105017118240298,1
613,-0.7036769247657395,-0.642892107289423,0
614,-0.029759627179272483,0.24301219380833267,1
615,-0.18317239643559421,-0.004232892101415808,1
616,0.023529472017823738,-0.22712153934079887,1
617,0.7688378447917072,0.5775587893134605,0
618,-0.45091006842352616,-0.9713415382479524,0
619,0.44907012066961277,0.8690108792522734,0
620,-0.6792359739244708,-0.7762268125031536,0
621,0.3892178872325861,-0.9329644411310517,0
622,0.15758089933402625,0.13687292286868896,1
623,0.9023526788967968,-0.47632238368719265,0
624,-0.8734498313582616,-0.07189902472173702,0
625,0.9587342160520693,0.40340699552437115,0
626,0.907769714578347,-0.25773106717871563,0
627,-0.8866629439798256,-0.5120805362118083,0
628,0.05425326923278679,-1.0059231003086215,0
629,-0.17210990851569252,-0.045952706080953025,1
630,-1.0159785070336573,0.1085109549479358,0
631,0.2131873714382746,-0.19250007814199857,1
632,0.22239589200115167,0.0269743707861514,1
633,-0.9850089936995579,0.27313109581505424,0
634,0.9264247251713452,0.48853201239197486,0
635,-0.188918354564869,-0.11463585366770544,1
636,0.23240341072568482,-0.024490642261413474,1
637,0.13103123864146146,0.9870714825929261,0
638,0.025408568166254253,-0.13261604319543935,1
639,0.12771386865072326,0.2203669893493354,1
640,-0.8200828325619844,0.35462039232011006,0
641,-0.21677385858131948,-0.949661846658058,0
642,0.12046725659691843,0.16127666805979846,1
643,0.04755362473029462,-0.25965645360286155,1
644,0.20365354837558772,0.012308018065423587,1
645,-0.052665167966772536,-0.28772744415569257,1
646,-0.6315983439697295,0.7838118650741615,0
647,-0.8851987440386834,-0.40860407840279356,0
648,0.031109842885391203,-0.12508151361542047,1
649,-0.08880444737616146,0.206439723658482,1
650,0.08946932767696138,-0.12458594341664268,1
651,0.5687652816335836,-0.8859031643685364,0
652,0.17819338749956617,0.9327678896670291,0
653,0.0744022393568151,-0.25810453030798824,1
654,0.10944739608288594,1.0213743526512664,0
655,0.9688661907339094,0.1392420789183269,0
656,0.18071712944148383,-0.2010811291626891,1
657,-0.8066695447528507,0.6869116853841033,0
658,-0.18119661978795593,0.02178629946391819,1
659,-0.18753868450718242,0.053566995852758634,1
660,-0.2704972080493831,0.9648349820287593,0
661,-0.6806553869553383,0.8241046458017908,0
662,0.7219417129354229,-0.734179150884625,0
663,-0.08873193028022539,-0.2552305595315079,1
664,-0.1436339053109281,0.08305854610668867,1
665,0.05622671555714137,0.2279966042535865,1
666,-0.18031886767526017,-0.9128731826347747,0
667,-0.14003182886453566,-0.09230030611987958,1
668,0.14815669968388698,0.170222215240526,1
669,0.20415189026023872,-0.06434771821053235,1
670,-1.0469426142159506,-0.27591512203298146,0
671,0.8511117822930632,-0.4607401061296384,0
672,-0.11214067941567002,-1.015922389325921,0
673,-0.03016527203498441,-0.192738212971731,1
674,-0.9759103958060895,-0.29221316394258084,0
675,-0.6715473725118077,0.7953826180960234,0
676,-0.9828251971063785,-0.3141832287812932,0
677,0.9729904876126872,0.24213519027668165,0
678,-0.011976280364274384,0.24045390848379802,1
679,0.38865464225068064,-0.9057279933865201,0
680,-0.025489370115337594,-0.15725982365942792,1
681,0.17840874306286347,-0.08760180206438847,1
682,-0.6138909950315727,-0.8249621805512568,0
683,-0.9442400668157274,-0.24858399726739908,0
684,0.08060984863609982,-0.08133700288973253,1
685,0.03479753108407749,-0.9360297009369035,0
686,0.19443188028412317,-0.1860291190994614,1
687,-0.6020632497193942,-0.7964181313203178,0
688,0.09113321009731307,-0.16418095309212694,1
689,-0.937207282190547,-0.3601873232379201,0
690,0.5241058993430882,0.8736805085343199,0
691,-0.9784392708928364,-0.15716054072961794,0
692,-0.5872632003162441,-0.8390930428797047,0
693,-0.43080396260258,0.9475993479792348,0
694,-0.10478140973322833,0.08301181170750235,1
695,-0.21959283337441943,-0.05838058501011282,1
696,-0.7991459218977834,-0.5255646092664131,0
697,0.09495152128017528,0.15405789644170395,1
698,0.09237580030095355,-0.17607624797868499,1
699,-0.02551874601065846,0.17726996624973415,1
700,0.9623900333276662,0.3734676877865977,0
701,-0.18215436516525974,0.08422528237961585,1
702,-0.10451707756290779,0.08570686419855697,1
703,0.8274319487870395,-0.6980833480666819,0
704,0.10873487513346768,0.11222872442506773,1
705,-0.7936491884155975,0.4467877770531107,0
706,0.9878914799835496,-0.2436465340019889,0
707,0.9399295837359909,-0.14354596471391426,0
708,0.6573387940585643,0.7077244986887141,0
709,0.25940539856657185,-0.07801262962430289,1
710,0.14511463331648594,0.14604853983834523,1
711,-0.1344547328212621,-0.16797573468883073,1
712,0.12292875211700331,0.06427737741269224,1
713,0.08240362948072025,-0.06968664322257795,1
714,-0.5588997464594297,-0.8963948671501886,0
715,0.08212633696521843,0.13782212267327348,1
716,-0.15996223469978058,-0.051882016727558836,1
717,-0.012248784658412455,-0.9175691461801816,0
718,-0.043291110664535566,0.9558534463772475,0
719,0.9341990022909528,0.04610135656218258,0
720,0.08740043729547399,-0.1852967910182099,1
721,0.09535960697178092,0.2325418632643818,1
722,-0.13074975809072625,1.0141358387799744,0
723,0.8470136912071278,0.7273685670616905,0
724,-0.9199643533112322,-0.37629531946827816,0
725,0.08581107477292119,1.055220953985962,0
726,0.042374452265368415,-0.24851495868777446,1
727,-0.5627379023703505,0.9049380309041177,0
728,-0.33632513576246736,-0.9409171647652014,0
729,0.19011801436976253,-0.06559939145264171,1
730,0.9976253328891571,0.229384580422341,0
731,0.009398395678804877,0.17678199846614576,1
732,-0.8517951184246508,0.5065300335530437,0
733,-0.9328093650101519,0.4239972863575987,0
734,0.9430334788375263,-0.32174823790703155,0
735,-0.2191528298422154,-0.05630769722731001,1
736,0.5358462801040196,0.757816695086202,0
737,-0.038519731932109974,0.22043308847675006,1
738,0.26643224621842443,0.013408377332753973,1
739,0.9504596426348462,0.20490615699098885,0
740,1.0122755054397692,0.2161979760633522,0
741,0.19649229246772304,-0.00956463172775784,1
742,-0.8857840513477626,0.4832096275094887,0
743,0.0329214794610149,-0.23901877339914884,1
744,-0.24052783107904013,0.009539270191774963,1
745,0.09581499456568725,-0.13000924592452123,1
746,-0.07944141014398232,-0.24449204714173095,1
747,-0.5704636845264724,0.7775239487900288,0
748,0.07673085571918893,0.22950267025526336,1
749,-0.07206595096708156,0.07302849639669311,1
750,0.0075599323373141195,0.24102565546338497,1
751,-0.1473373138862263,-0.16893751282952335,1
752,-1.06173866184875,-0.2276653959708906,0
753,-0.08446965987137063,-0.1385509513028022,1
754,-0.04968940989338435,-0.9796646981210473,0
755,0.07567829069653127,0.16785229905660737,1
756,-0.10773495074290236,1.032438040273774,0
757,-0.0623612092099146,0.17098744421838527,1
758,0.04721805664269285,0.1345123303682596,1
759,-0.1800365829195875,0.11331490922692529,1
760,-0.04432911432432607,-0.18084615059744213,1
761,0.9312262030574682,-0.08091094528445655,0
762,0.7062110410742235,-0.7213966886320704,0
763,0.9275987828655102,-0.5364739058759551,0
764,0.1176428413577097,-0.962581913774258,0
765,0.9922066077435807,-0.07423383475127449,0
766,-0.016017334443402767,-0.1974010847971791,1
767,-1.0243535956914533,-0.3947255097080054,0
768,0.13436995103684812,-0.11818395715132632,1
769,0.6876136295161132,0.7358632933449406,0
770,0.05510165639538697,-0.09888287572995912,1
771,-1.0014917175093863,0.13566828293022293,0
772,-0.8291909646300153,-0.5820099454343228,0
773,0.23775248401279442,-0.06982676187865787,1
774,0.0344802988194559,-0.19895205632964968,1
775,-0.9121875470592472,0.43996398919267937,0
776,0.14846259364544362,-0.04497649630696967,1
777,-0.1678849636338764,0.028139643113749103,1
778,-0.10056021691177752,0.05782144042369536,1
779,-0.2071183953796675,-0.07084933097153132,1
780,-0.06360155796099211,-0.15312998161740565,1
781,-0.029716914735764766,0.14377810994659407,1
782,0.9520326309585437,0.271204328697222,0
783,-0.18111015767314206,0.20750092727328537,1
784,0.9634989004564288,0.4099181464161236,0
785,-0.06199206521181375,0.15478285859284557,1
786,-0.24690627043844476,-0.9715353916850603,0
787,0.12747784335937784,0.2787945179940017,1
788,-0.13229362851175347,0.24669280485390527,1
789,0.08596612427830584,1.0097150178591665,0
790,0.21160505938702656,0.12768079809739644,1
791,1.0688315939022008,-0.21870880266458403,0
792,0.1478433818720365,0.08800871120021769,1
793,1.0113996468937974,-0.03664294991208977,0
794,0.4036041849036759,0.8812356849196202,0
795,0.9775523211069547,-0.23684710079959626,0
796,-0.47949040366050627,-0.9532761730304381,0
797,0.4533187222702092,-0.8750558946278334,0
798,-0.3575364236124758,0.9248890659772069,0
799,0.9084401434758463,0.04927817858120639,0
800,0.8275388101658421,-0.6755766057277477,0
801,-0.04245962081406887,-0.26873225639700987,1
802,0.15076784621523504,-0.12885882302901294,1
803,0.2373909874977282,0.049405351471496765,1
804,0.9246677704843714,-0.06605530247302084,0
805,0.11921670199740798,-0.17702157410120026,1
806,-0.11918090132374548,0.15210618533322773,1
807,0.03372009073134985,-1.0077332765535263,0
808,0.263710599827652,0.12469718185460296,1
809,-0.20528953559521784,0.001448768691788515,1
810,-0.0906629921688606,0.06428058672606568,1
811,-0.14454203654787537,0.18407717931997541,1
812,-0.1172887267869437,-0.11134458203121574,1
813,-0.19217169222364303,0.10322521609027144,1
814,-0.8873627681055668,0.3027378486807509,0
815,0.23798795767903488,-0.1559585048015547,1
816,-0.2424799995496975,-0.007104738892680009,1
817,-0.9414266044639821,0.20722704042090748,0
818,-0.2292973243411634,-0.1392771742278083,1
819,0.2995268511185721,0.9774454499962439,0
820,-0.21709859057941516,-0.0014873152936349457,1
821,-0.13060279698271962,0.1885126351341487,1
822,0.9829351631409502,-0.10907329782995052,0
823,-0.6813152988655159,-0.8292158897642817,0
824,0.0704336609384826,0.1837526294799966,1
825,0.25161286496616997,-0.9389864104891062,0
826,0.22476958250018936,-0.11534532793419086,1
827,-0.01396022028622923,0.06826334504121831,1
828,0.4923400779908651,-0.8218474623846591,0
829,-0.9864461687395004,-0.1920506161688825,0
830,0.012705822190006204,0.9622083761028373,0
831,0.1924589166462072,0.14625001039397642,1
832,-0.825526671207118,0.5807666467566285,0
833,0.21081158546989331,0.08582423268470452,1
834,-0.257005621915562,-0.027185069132324553,1
835,0.12621946924850552,-0.09427391537674489,1
836,0.23658768994394094,0.06725558945006968,1
837,-0.22377048311853093,-0.08155202265450026,1
838,-0.16974459566678254,-0.1232418036639544,1
839,-1.0598991013578325,0.1352696139713638,0
840,0.10174478435485615,-0.2963310362106514,1
841,0.144900359638113,-0.00073960488510319,1
842,0.16111663387814265,0.16709427330533166,1
843,0.16313679369268172,-0.0326598631005867,1
844,0.19469573829440162,0.10146541232390878,1
845,-0.19486378185179604,0.9323088420502063,0
846,-0.9246058568761365,0.16657605326923272,0
847,-0.06762117815159213,0.10108104108200364,1
848,0.13714668950444403,0.07883834292893031,1
849,0.13084616413728475,-0.13066607764415505,1
850,-0.18225171492559017,-0.11120823327342003,1
851,0.9177234997979704,-0.4337336379406971,0
852,0.15333412651781905,-0.028995183715106176,1
853,-0.1780875610863536,-0.048259609081285106,1
854,-0.009131104564512639,0.18009203983565547,1
855,0.06759638303363996,-0.24268599586890974,1
856,0.23809549919598316,0.1367539342358676,1
857,0.2056606769380957,-0.10922969670985899,1
858,0.14137540925529457,-0.04773238931617032,1
859,-0.1181328701685894,-0.23790152427265893,1
860,0.07309472845706813,-0.214775968173255,1
861,-0.9460822401202567,0.48787846317930694,0
862,-0.09573614791781955,-0.16617080476860047,1
863,0.2096998879090905,0.054275956069043216,1
864,0.15082193563914054,-0.1846565590665996,1
865,-0.6040312710636381,-0.7971565584288078,0
866,0.7319157518009664,-0.678258986516615,0
867,0.1216639172214396,-0.08128135597103897,1
868,0.5566246093341368,0.8666961739770491,0
869,-0.15378925677409963,0.21315185838988562,1
870,0.8533948884793128,-0.3216874564443308,0
871,0.9927866548582278,-0.2660264072977555,0
872,-0.06442440891726708,0.14435484575485877,1
873,-0.568236279579186,-0.8289511626021844,0
874,0.890336224385744,-0.4754529714794913,0
875,-0.4822193652215867,-0.8833552782571266,0
876,0.07874755871984608,-0.10452683122514202,1
877,0.13153449589043753,-0.17400972065358283,1
878,0.34213755023500236,0.9603155502944353,0
879,0.04141276973601375,-0.959003357662458,0
880,-1.104367964192389,0.11237994364704976,0
881,0.024154277388854506,-0.12316222892380872,1
882,-0.14819408990198824,-0.8872202481362831,0
883,-0.933731395686817,-0.4063648786477058,0
884,-0.23487959069173958,0.06720554234898658,1
885,0.9162145556030702,0.2713358366669379,0
886,0.0874929029365162,-0.16872970810586896,1
887,0.8553880649251193,-0.4926446706415732,0
888,-0.610860189720991,-0.8034907135791004,0
889,-0.2011519860518733,-0.9999209205371397,0
890,0.7480613857034408,0.6619725425077887,0
891,0.11338312357181488,-0.12360775045228427,1
892,-0.2120335433978096,-0.07833967188313674,1
893,0.1166802404120084,-0.05379633742828027,1
894,-0.7935443219805299,-0.537990659390084,0
895,-0.10362588406438014,0.06664352910229304,1
896,-0.24442831632580928,-0.00553386333907259,1
897,1.0131381893153772,0.2520804627002258,0
898,0.17728681543072308,-0.05335110586198266,1
899,0.04155481130025925,1.0618413174104533,0
900,-0.0409218136496756,-0.15018290865007838,1
901,-0.3193657181211308,0.9228910483319578,0
902,0.23055133681988446,0.03464559894372043,1
903,-0.875751112950459,-0.4532730742193103,0
904,0.22660962444008823,-1.0135205458839343,0
905,0.04294621678987773,-0.1959482143190699,1
906,-0.1709486272873044,0.9372373098262329,0
907,0.19611300410310947,0.058663249708259486,1
908,-0.18782994663694424,0.09141055747109626,1
909,-0.3093954323965438,0.9198086798805891,0
910,-0.20374049431299074,0.07221045351981208,1
911,-0.14452941008050746,1.0118986314379814,0
912,-0.12340023410412584,0.11056596190641566,1
913,-1.004918762427771,-0.2595480429510634,0
914,0.8544794969538021,-0.5724267420916692,0
915,0.9531497023120143,-0.4427589039617872,0
916,-0.8472338374245739,0.5466752228643627,0
917,-0.23246621437929862,-0.1390774242614416,1
918,-0.5027811467557332,0.8132069437726783,0
919,-0.9109827256019749,0.1949079960378522,0
920,-0.6789017047224399,0.7629380126276656,0
921,0.19673379240910377,0.11056027800665251,1
922,0.4651124657347729,-0.8380907886341147,0
923,1.0493384929136063,0.062473134834204726,0
924,-0.36114699051444926,0.9805711671606697,0
925,-0.10879629906517892,-0.05497412944949031,1
926,0.006096863158317676,0.08498010337713996,1
927,-0.04856641666594118,0.17681258187069473,1
928,-0.11322754079509484,0.16881852211688633,1
929,0.854789027953582,0.345990410993007,0
930,-0.12202569900778984,-0.17273874658402633,1
931,-0.23960442390612782,-0.019537368772370597,1
932,-1.0470078295936203,-0.01982618695081577,0
933,0.955211587078509,0.12578428610516415,0
934,-0.38509805403252423,-0.9663705215853071,0
935,-0.21392370114651904,-0.06529643213318523,1
936,-0.9488981456069923,0.03779857715091257,0
937,-0.11728095117562264,-0.1446577848923165,1
938,0.19034202357100663,0.024775618414230437,1
939,0.8951713564601991,0.44778961517529586,0
940,-0.10390144873830265,0.16664912593204806,1
941,0.03273107016948204,-0.16371650485600125,1
942,0.15376251172210803,-0.07183667221594799,1
943,0.9613356652057272,0.3807129049936114,0
944,0.0877393072828121,0.07370285629302335,1
945,-0.14191898248115203,0.0790766849405678,1
946,0.07835895573096777,-0.08383880670976808,1
947,-0.040822073377433904,-0.26462470064006627,1
948,-0.804952418132703,0.5454550009936484,0
949,-0.06551781077640016,0.12269825410492134,1
950,0.03060811368288803,0.15743125909649525,1
951,0.9056118615919921,-0.11131034543305826,0
952,0.20844994037021244,0.968539322139678,0
953,-0.48511050480166895,0.9178804898398055,0
954,0.3095144989501765,-0.9206424699803757,0
955,-1.0658756187849048,0.1276286741392135,0
956,-0.19946472053960096,-0.024945443984699486,1
957,-0.1314038732723901,-0.16405840125237267,1
958,0.06138805515050355,0.2128045968320935,1
959,-0.968932636378506,-0.18469625311479348,0
960,0.23732629702457228,-0.10414563410862825,1
961,-0.5938340765077292,-0.8335322088642596,0
962,0.7502685422663444,-0.6261293628555669,0
963,-0.8790460854789957,0.4737496355159986,0
964,0.07057690756682912,-0.09330779873812743,1
965,0.6562388532830067,-0.7248472692026187,0
966,-0.11373711807619219,0.14997739293178974,1
967,-0.6514790642577739,0.8171475150621776,0
968,-0.2684675010537693,-0.1702296027967802,1
969,-0.10149436193354888,0.9830961720438525,0
970,0.6552621005953406,-0.8082117384086797,0
971,-0.1789032976608064,0.05802906775877034,1
972,0.7076251284401536,-0.7542748125212693,0
973,-0.8209903929810932,-0.5277714788669129,0
974,-0.14043286843559447,-0.8837295073553858,0
975,0.41420656155047325,-0.8977566592033397,0
976,0.9386636854161438,-0.04172010847744049,0
977,-0.10975598020144754,0.09262484191746545,1
978,-0.9902886868086654,0.1876045714162704,0
979,-0.19927344305974048,-0.16374849056230087,1
980,0.6842160074509385,0.7382264455579871,0
981,0.9190311523831491,0.1104894722802534,0
982,-0.9134853287089508,0.35510664542416137,0
983,0.19754593879569865,-0.10670201070737675,1
984,-0.24285536586662043,0.11389972211271121,1
985,0.11746411660141257,-0.13189492716180637,1
986,-0.9466772111220337,0.14152909260549934,0
987,0.05659551628833978,0.02623400704150211,1
988,-0.025308829892813512,-0.21173076988737344,1
989,0.8685191382570051,-0.6461954584238122,0
990,-0.01908906181264694,0.27605286371458915,1
991,-0.1690874464330605,-0.9668450313873644,0
992,0.6512448306375651,-0.7872828675834661,0
993,-0.15584090855549243,0.12332202919416704,1
994,0.053508130001930596,0.2289406401458927,1
995,-0.38985774094482034,-0.9953735444662464,0
996,0.7934863204862027,-0.43135694072226743,0
997,-0.08512707096679471,-0.06452688819802987,1
998,-0.07076818815613117,-0.1520606347922152,1
999,-0.27572254241301225,-0.9067545590489624,0
1000,0.7494912802863675,0.7109301971075614,0
1001,-0.13442627744448044,-0.18765850681193016,1
1002,0.9449045360026723,0.4227414964862179,0
1003,0.16162936613290568,-0.9489246549461399,0
1004,0.13696247555924318,0.07541096366842774,1
1005,0.9566163965055826,-0.1553723947265639,0
1006,-0.25387657685261444,-0.015435841211130228,1
1007,0.8651203332308237,0.4283434232674061,0
1008,0.13172935417949316,-0.11473480332926517,1
1009,-0.8561928610813736,0.677378521600588,0
1010,0.4969587576188102,0.8686746235072558,0
1011,-0.05966189580813198,0.10005571929564677,1
1012,0.030039514689693583,0.19727032480871215,1
1013,0.9043579869990617,-0.12304373896835748,0
1014,-0.19374727712665812,0.1515426837326817,1
1015,-0.1983370555846845,0.00737724835335625,1
1016,0.8809730022166408,-0.5943077948421961,0
1017,0.06805748145734408,-0.1972602759590464,1
1018,-0.41736176221304777,0.737184182234187,0
1019,0.4073248756550112,0.8135330189159047,0
1020,0.12023903627750888,-0.06406435981226359,1
1021,-0.709536579971054,0.779880851260649,0
1022,0.7384360114410791,0.6495606406954483,0
1023,0.0024825431582668357,-0.22877691231112288,1
1024,0.11788531549034525,0.06669265287062558,1
1025,-0.9236928982306525,-0.06362193810753733,0
1026,-0.060103125609272445,0.14166243809494294,1
1027,-0.7343054844049229,0.5992292647575849,0
1028,-0.7116584145794376,-0.7985556129513449,0
1029,-0.3189391096883108,-0.8503054837132131,0
1030,-0.24244408269625564,-0.042983800655367166,1
1031,0.012143827803654944,-0.9911543976492064,0
1032,0.16276009780305561,0.1558399634125284,1
1033,-0.05401693422811153,0.9560401257247498,0
1034,0.07662500838420726,-0.2054276703720846,1
1035,0.5127173002579212,-0.8298753912765577,0
1036,0.3959456195182373,-0.8628223726251748,0
1037,-0.05957257901621466,-0.10165524677803511,1
1038,-0.029827226344241144,-0.20074920211140432,1
1039,0.07337689695837087,-0.15196874682135622,1
1040,0.09238939589295916,-0.985931679486235,0
1041,-0.13712353493450588,-0.1738777436070027,1
1042,0.9196554850136024,0.30667886287490714,0
1043,-0.2607749403375893,-0.08763578051242321,1
1044,-1.0180974281685395,-0.018479328335778776,0
1045,-0.8218197803743492,-0.6345971783377845,0
1046,0.22503696974391063,-0.12770473054140966,1
1047,-0.022035387318691466,0.2210067510367227,1
1048,1.0268813505201562,-0.13078020853287264,0
1049,-0.03390456656096328,-0.24488339636472736,1
1050,0.09019151293540555,0.14783586490203834,1
1051,0.08318027867082316,0.9481359379825062,0
1052,0.791563747249443,0.5428741421484733,0
1053,0.06668767242940742,-0.18120516272162718,1
1054,0.028493299015237252,-0.2140633053617048,1
1055,0.3894131821316714,0.9407417318283846,0
1056,0.06518456850814584,-0.19750418693245927,1
1057,-0.7012795180149167,-0.5881259739251196,0
1058,-0.054432745458995305,0.21943416795968268,1
1059,0.8711323583853683,0.5066645664237444,0
1060,-0.939152190579963,0.054334806696642965,0
1061,-0.8788081446596991,0.6582391153315769,0
1062,-0.24746190036554816,-0.0030240826880055804,1
1063,-0.1795881843270764,-0.09730239498912874,1
1064,0.01563710931780793,-0.17415377366732498,1
1065,0.8119202488465989,0.5550676238548091,0
1066,0.9463279051107413,0.2020766900876848,0
1067,0.16882818040153671,0.14115932004971382,1
1068,-0.14278094970896088,-0.12240889317204429,1
1069,-0.762148576913857,-0.4477448619102105,0
1070,-0.19904214268528453,-0.09700975673487061,1
1071,0.06134595525923852,0.2912369005287787,1
1072,0.9576115903949942,-0.41284242802910126,0
1073,0.009705318172204339,1.0400682669347474,0
1074,-0.16647968583900352,-0.12577919088031825,1
1075,0.173402349731212,-0.021736553572482394,1
1076,-0.6113068906294614,0.7423336315233058,0
1077,-0.8451294155115583,-0.6093021607446859,0
1078,-0.22510413524689782,-0.25429840359660344,1
1079,0.027254745495834287,1.0141671274356452,0
1080,0.10304403925521699,0.22589537991762237,1
1081,-0.16901363006608913,0.05248261735055533,1
1082,0.7112761686985853,0.6081263107589602,0
1083,0.009435709045420293,0.12585037025316753,1
1084,0.08434636345421229,0.14365807203631298,1
1085,0.006400807190100373,-1.0751127790316266,0
1086,-0.015231671936823347,0.21098237905954875,1
1087,-0.6461638018489994,0.7289858553137942,0
1088,0.10159741867675857,-0.249625767932237,1
1089,-0.20428125756050253,-0.0735623090023455,1
1090,0.21803775535783487,0.15895522052668093,1
1091,-0.12466077687000214,-0.9310776077370477,0
1092,-0.7002548898438169,0.5061336992098623,0
1093,-0.10234451172869374,0.26534380728793494,1
1094,0.18130881348628766,0.11171762128271032,1
1095,-0.07452207005011022,-0.20918257054623868,1
1096,0.6189458122991908,-0.7805991482161545,0
1097,0.06606700078463246,-0.2717965037103909,1
1098,-0.7125803850757464,0.6474484351197491,0
1099,-0.16085564104013345,-0.10248553496827792,1
1100,-0.9248020420945402,-0.23762189879003565,0
1101,-0.1074679882611815,0.2780707367060346,1
1102,-0.12308828131859487,-0.061992067245039986,1
1103,0.06944147548287402,-0.09767431109976707,1
1104,0.4271403090864875,0.923612486655712,0
1105,-0.4347026622043634,-0.9171612800916683,0
1106,0.17231539254520956,0.21670610876101987,1
1107,-0.4835775862886029,0.9384732925642207,0
1108,0.16076311702737495,-0.23712655717357545,1
1109,-0.08530409588493068,0.09211323017437796,1
1110,0.7091246115959187,-0.8156974023049326,0
1111,-0.5699140711643922,-0.874881221226772,0
1112,-1.0165330084504645,-0.12097306720213212,0
1113,-0.00463523059117309,0.9795281173495616,0
1114,0.14194421513386785,0.05462509306233572,1
1115,-0.576630278376261,-0.8023404815872088,0
1116,-0.07101718626246972,-0.05130347362003636,1
1117,0.14191775084156172,0.9838332621498206,0
1118,0.792438849960021,-0.4954262510341961,0
1119,-0.14017190367371432,-0.08806425199437505,1
1120,-0.16267919896235428,0.15472400449710627,1
1121,-0.8146714570574509,0.6925088159901025,0
1122,0.5933993746591465,-0.6709989103965813,0
1123,0.2510030402596445,-0.9462286736382856,0
1124,0.8194418081693604,0.5382297794415023,0
1125,-0.18585282274869727,0.03605581318554135,1
1126,-0.18262048822386798,-0.13143209722397323,1
1127,-0.0901039248580813,0.1643178593211594,1
1128,-0.19527680387284319,-0.1273397166482732,1
1129,-0.08842643464062569,0.11031855719413036,1
1130,0.7466355484453024,-0.7269881516413218,0
1131,-0.0198509534488916,0.21782449940688345,1
1132,0.1646677880393478,-0.05037220830999427,1
1133,-0.999527575144295,-0.3970326863142644,0
1134,-0.0742026744602959,-0.2887338793040477,1
1135,-0.2890610305505371,-0.06915674826237245,1
1136,0.3177569232732322,-0.94866656340306,0
1137,-0.9758782397439489,-0.21032970717766042,0
1138,-0.645701279265536,-0.6623936162184157,0
1139,-1.037854712116898,0.09021377290081806,0
1140,0.533848226895211,0.7487177888416402,0
1141,0.1670551488573103,-0.9318969867358808,0
1142,-0.10916590905759087,-0.12679423901716247,1
1143,-0.20375184184342665,-0.002934577645592608,1
1144,-0.5598355462852429,0.8157835998057522,0
1145,0.11614892725411743,1.0092098619318075,0
1146,0.8757167539477815,-0.48710507158649,0
1147,-0.8635202609050886,0.4735085128147391,0
1148,-0.050425459041594345,-1.0227513120799363,0
1149,0.9634846742525459,0.5382745156097053,0
1150,-1.0089177075499869,0.07165893121446024,0
1151,0.14091526587305192,-0.07354031668843974,1
1152,0.08868517854632711,-0.1682584993635216,1
1153,0.4919464295707587,-0.8608128837491847,0
1154,-0.08271826354689454,0.16797792490376942,1
1155,-0.014976250518970181,0.16986098092403978,1
1156,-0.17161775249015082,-0.17843868129182666,1
1157,0.13045283133822191,-0.1062784159989976,1
1158,-0.10177365852021256,0.1302272933109387,1
1159,0.17698026539210163,-0.01261131341893065,1
1160,-0.9257841920704919,0.5864576093885837,0
1161,-0.9263625909886042,-0.593133498045822,0
1162,-0.1666142418215298,0.1775932187650012,1
1163,-0.1416717840856516,-0.17669288314679232,1
1164,-0.18517768913581925,-0.12393836991954478,1
1165,0.6524826369690361,0.8068278036848849,0
1166,-0.20444991894894338,0.11431151588224167,1
1167,-0.24183855213264943,0.08063642973760438,1
1168,0.018705254056394685,0.203255291914339,1
1169,-0.8749286889739265,0.5767821948809738,0
1170,0.5901504772945259,0.8209981900794223,0
1171,-0.6161799799367401,0.7473825908194626,0
1172,-0.07817305726709009,0.17991222605695464,1
1173,-0.7861846810406506,0.6691996420328827,0
1174,0.8513191826828898,0.43031378132119136,0
1175,-0.07710337310374732,0.17620990718434643,1
1176,0.21955253812733347,0.9698626317252365,0
1177,-1.0949750830232963,-0.0032741905710223125,0
1178,-0.6236928103217866,0.8647634949890363,0
1179,0.8346154814639227,0.5968592934269458,0
1180,0.18578597138625738,0.022346822574424358,1
1181,1.0123617311715973,-0.29704279278676077,0
1182,0.5964756134494745,0.7914957995170664,0
1183,0.13015205567101212,0.17195196697286194,1
1184,0.04548111877501244,-0.22630426970018777,1
1185,-0.16624303692451345,0.013992820190416278,1
1186,0.277270429767281,0.005694281574381711,1
1187,-0.006014444352061762,1.0505503696336478,0
1188,0.17094563330824966,0.9569112389757862,0
1189,0.08496767011501596,-0.21514195271543782,1
1190,-0.5320840406940136,0.7886614083096779,0
1191,0.6871621210800122,0.7750761939578693,0
1192,-0.8903461186578261,-0.5544131767821693,0
1193,0.11456816924737907,0.07898590422372075,1
1194,-0.4728274253835365,0.8820727363421556,0
1195,0.2202622517676619,0.03642107828958793,1
1196,-0.006979996125740608,-0.2035620899587356,1
1197,0.2731107676548359,1.00212124306569,0
1198,0.09318686080884592,0.979397532790305,0
1199,0.43189700289022037,0.869855310324277,0
1200,0.19979331830967584,0.14009003434207845,1
1201,-0.7362589052970598,0.7256682061583004,0
1202,0.9621008962614508,-0.2372884300209541,0
1203,0.19013767043056706,-0.16453527231626813,1
1204,-0.6025980139976217,-0.8366828295588135,0
1205,-0.020101394009367862,-0.15138376667900122,1
1206,0.13081968597338878,-0.05356986720830639,1
1207,-0.4916165350782133,0.8455642177703911,0
1208,-0.9045763164864701,-0.6589440491356187,0
1209,0.2380513393987217,0.037819322844119825,1
1210,-0.04415062812887697,1.1096950752940697,0
1211,0.17634793094803167,0.13751849708402564,1
1212,0.10801734859063725,-0.01854090882042054,1
1213,-0.9571191616576046,-0.29006063095658247,0
1214,0.11736832625781563,0.14787728689647256,1
1215,-0.009157993651636859,0.20983496058062956,1
1216,0.7814404056723703,0.5551174297048164,0
1217,-0.17222363331704857,0.02177490383850601,1
1218,0.23544756526379002,-0.08227263547135161,1
1219,-0.6781959082626291,-0.8314302230836449,0
1220,-0.4714830811447549,-0.8657108677281303,0
1221,0.955423865013169,0.09871135061435678,0
1222,0.6706501075652747,-0.6607814977800445,0
1223,0.06895121806984877,1.064250186775184,0
1224,0.937669126418594,0.31967580756326697,0
1225,0.01811256059864167,0.2429479312303427,1
1226,0.8661744371886865,-0.5068349608105575,0
1227,-0.915155335496928,0.43461497040056196,0
1228,-0.2776267446448053,-0.8805717304022643,0
1229,-0.11620103975712517,0.20706452757610488,1
1230,-0.08358544141443029,0.05378399680451042,1
1231,0.449378559323104,-0.8555299984245492,0
1232,-0.3218815046002401,0.8740784811820781,0
1233,0.4179059642118847,0.911337855877645,0
1234,-0.16743134392259235,1.0164958902842434,0
1235,0.9336282807372558,-0.47815441435491424,0
1236,0.12898302256776223,-0.23700501010010083,1
1237,0.035938790655359834,0.22962424266581494,1
1238,-0.5860361812289874,0.8627959841405582,0
1239,-0.4354373654004082,0.976288837543601,0
1240,0.20841451373352707,0.05457628154272448,1
1241,0.9529455032782166,-0.39535491423740604,0
1242,0.07463654376095505,-0.16479813833403673,1
1243,0.4391035395938444,0.8503161361469007,0
1244,-0.7879798866575131,0.40342998123178453,0
1245,0.13392037329957443,0.9167266365544042,0
1246,1.0697064909622203,0.047037739100652176,0
1247,0.05091384647810812,-0.21894965089986626,1
1248,0.14229900400024145,0.17320532879608708,1
1249,0.8912695118217039,0.4000127795181179,0
1250,-0.17390041065287776,-0.007467919004530341,1
1251,-0.09983882758064054,-0.19969858691387296,1
1252,0.6242082027200918,-0.8022938846248715,0
1253,-0.03917182605247212,-0.20383634536877956,1
1254,-0.08205055304862376,-0.18521177523725627,1
1255,-0.29269759901376713,0.9574408305126327,0
1256,0.1303488829785765,-0.10576870971207479,1
1257,-0.03842635253134924,-0.0978570813338994,1
1258,0.24491217718199484,-0.05024778878752762,1
1259,0.1271710882020146,-0.16019360847034114,1
1260,0.012452216288742698,0.12826302302619352,1
1261,-1.037265964881303,0.05428440429175484,0
1262,0.8696309030643186,0.43198731327451134,0
1263,-1.0619621959679855,-0.08253497532885402,0
1264,0.21524151740825773,0.08500980218096765,1
1265,-0.8911573861251005,-0.24082287005189654,0
1266,0.42686549417423636,0.9346944597656792,0
1267,0.7843415647031016,0.6810513483743268,0
1268,0.6600086515935774,0.613164029036991,0
1269,-0.25972879291680656,1.008071806597933,0
1270,0.16832960016823653,0.034328387910112446,1
1271,0.13870038649035446,0.04768784745032573,1
1272,-0.6033381832379602,-0.8204927585686095,0
1273,0.1037499354445996,-0.9362240468647659,0
1274,-0.032871207227968616,-0.19407788049969998,1
1275,-0.14129369926912516,0.02246390600714815,1
1276,-0.7103926719201398,-0.6341544033230136,0
1277,-0.10497806588772382,-0.14579723392934718,1
1278,-0.14788267930894877,-0.18563820214144003,1
1279,-0.8498987025578592,0.46354919521506033,0
1280,-0.5760628068380442,-0.7260408487163629,0
1281,0.19059432915443028,-0.07216276049534318,1
1282,-0.24001597803161182,1.011521480027816,0
1283,0.09051439066382869,-0.24115555698013652,1
1284,0.035340707673678466,0.2854083830486372,1
1285,-0.46298769973492526,0.8897034287406954,0
1286,0.18739403439706634,-0.0010987824916057279,1
1287,0.0973999183506686,-0.041982942955459804,1
1288,0.1976431688152648,0.05460843621352416,1
1289,0.9908326777621347,0.2784407169068797,0
1290,-0.027616757470281472,-0.9387431953170098,0
1291,-0.13849435876892952,-0.02561425206796021,1
1292,-0.0657718471374143,-1.047133383398617,0
1293,-1.016309002829659,0.18057270339436304,0
1294,0.2130373122152372,-0.038250583462285194,1
1295,-0.10440028843757698,-0.040809901549498456,1
1296,0.19164216589177513,0.0320045961756653,1
1297,-0.13842236829165838,-0.16492682894186128,1
1298,-0.8848971618488488,0.5068228607211414,0
1299,-0.5347135483745417,0.8805765580771451,0
1300,-0.49956925076566316,-0.839372422931725,0
1301,-0.6062070694586186,0.833456281507121,0
1302,-0.9304569942822618,0.2972926239813226,0
1303,-0.011505976890866243,0.1815363982092796,1
1304,0.1768411300437955,0.022368193462754444,1
1305,0.20149265983763776,-0.12715938351152695,1
1306,-0.050221654871949406,0.07011976597669317,1
1307,0.056441017109597376,0.15967665420054428,1
1308,0.2033730751382975,-0.15200041706733292,1
1309,0.009671669724263506,-1.0181049613526798,0
1310,0.6286177847591669,0.7309312236299177,0
1311,-1.0201389686716407,0.34093717220386194,0
1312,0.03973654243541963,0.13656169891073208,1
1313,-0.3529832330462,-0.9727123069776424,0
1314,0.11576153036133739,0.20023263604065866,1
1315,-0.1034571961085993,-0.2160236070131103,1
1316,0.414478287700717,-1.0459216797149822,0
1317,0.1681030935107548,0.19558117248654094,1
1318,0.9771606789627947,-0.3343699921820971,0
1319,0.20340047804422454,-0.03492157303077911,1
1320,0.010203504412002498,-0.2207186482596848,1
1321,-0.8366261102512046,0.628212909184838,0
1322,0.3021417636197416,-0.01853580782833851,1
1323,-0.12116070152459944,-0.1175976661391964,1
1324,0.13168701791126158,0.14695130607275625,1
1325,0.16256194873520652,-0.22372198798305193,1
1326,-0.04403460753566077,0.21190211399646836,1
1327,-0.07532977022132131,-0.10458160216570611,1
1328,1.0237096527972738,0.1124624530339839,0
1329,-0.09127656970473239,0.1975246842015093,1
1330,0.04758515041910554,-0.9651704193165728,0
1331,-0.8472273990642971,0.6588418710887376,0
1332,-0.008229736599020578,1.0207306759045633,0
1333,-0.07195152712195017,0.21110941843380568,1
1334,-0.07928392499751362,-0.016578685807407588,1
1335,0.20228421550809342,0.14773342082877458,1
1336,-0.43815299642493194,-0.8577220359833249,0
1337,0.14600457737300637,-0.10012057134025991,1
1338,-0.19700868798767207,-0.034465499662065,1
1339,-0.13968357185132557,0.1543446386785572,1
1340,0.10031572336519975,0.1730535058484438,1
1341,0.7728811881519746,-0.783722395591582,0
1342,-0.8174677165738808,-0.6104108306286053,0
1343,-0.08790764234037976,0.07850366164338458,1
1344,-0.16567408078963025,-0.27359916549573043,1
1345,-0.7201835296541652,-0.6819291947207394,0
1346,0.8696004861660909,-0.5597150203568811,0
1347,0.5878117641212116,-0.7509648514515002,0
1348,0.07796351357986403,0.09214087384434862,1
1349,-0.07647010273636352,0.27502504531193767,1
1350,-0.29290674022618396,-1.0197962357205825,0
1351,0.07847391832023427,-0.14338570215760577,1
1352,-0.2042900189536852,-0.04884571012793051,1
1353,-0.4417757575809713,-0.9183226480030271,0
1354,0.2527830888940149,-0.10475498189726817,1
1355,-0.4173517757051939,0.8852279322158307,0
1356,-0.16160463615385898,-0.14580157832437596,1
1357,-0.015660628206064654,-0.09888011239840425,1
1358,0.07077566665723099,0.1856645440867521,1
1359,-0.09898987517165309,-0.2458686773542385,1
1360,-0.6909057564555101,-0.6763303657912937,0
1361,0.025074545802534442,-0.1439236927959316,1
1362,0.6965964041615095,0.6848966279869001,0
1363,0.2368631929146917,-0.01805995502864058,1
1364,0.2124535098952945,0.12589037335791378,1
1365,0.6353240251514422,-0.7828196662747926,0
1366,0.1346590233911671,-1.02556893280799,0
1367,-0.7535307475253209,-0.517554261532088,0
1368,0.1315897639084319,-0.02888453760788771,1
1369,0.07349204418943153,0.11468403335605126,1
1370,-0.07790203333192357,-0.17680454500316067,1
1371,-0.9655699010647262,0.5901278146628508,0
1372,0.7658565834213938,0.523660081577721,0
1373,-0.004059565602276185,0.22629728005814037,1
1374,-0.14250763717223358,-0.10785181431824593,1
1375,-0.05706425137657023,-1.0349418882676682,0
1376,-0.5691330669173712,0.9178799496455472,0
1377,0.04824226361318541,-0.20186044842914977,1
1378,-0.19631411442010965,-0.18417989122278952,1
1379,0.4614984767811882,-0.8726540998503262,0
1380,0.48722289774664734,-0.8893939407311381,0
1381,0.054479968679543855,0.2222106021443257,1
1382,0.17289582165729256,-0.22878020138460498,1
1383,0.8949973569622707,-0.3759732466539143,0
1384,-0.11996896956306986,0.16945125395806113,1
1385,-0.04780146306901127,-0.23548921288490704,1
1386,0.06457337150191136,-0.1804919533331458,1
1387,0.010889404000626726,0.18786617667566524,1
1388,-0.11605474837389072,0.028430539650370405,1
1389,-0.004095309592337386,-0.2604100078288244,1
1390,-0.5073903962278193,-0.7794442727108122,0
1391,0.8354718906628061,0.6285995487379631,0
1392,0.36795394989281693,-0.9842996897607655,0
1393,1.0077282004307564,-0.040405527101518735,0
1394,0.170426089763087,0.12336320288777848,1
1395,-0.14014974718556242,0.15758647603099077,1
1396,0.1599908310050782,-0.20277365894641425,1
1397,-0.8987800513435641,0.30748250198659244,0
1398,0.1348961150906393,0.08226888306535378,1
1399,-0.1934146104822682,0.08223517975834022,1
1400,0.009806780569201541,0.28713080284608844,1
1401,-0.8078441489298493,-0.4787803478337783,0
1402,-0.22838576812756162,0.23168593946171076,1
1403,-0.1372788582101701,-0.03228601268274109,1
1404,-0.13332488460144543,0.10401579483941266,1
1405,0.046811989615904874,0.21829354455437766,1
1406,-1.0457483062043142,0.11014272733079274,0
1407,-0.28705235050606376,-0.9077971494211226,0
1408,-0.6395356029491372,0.6701989012889482,0
1409,0.9420999163548115,-0.10033909759784278,0
1410,0.12059601677451928,0.12454936901293014,1
1411,-0.08445328205900852,-0.08773098482105288,1
1412,-0.7889433712028082,0.5954883595819928,0
1413,-0.9218295708015865,0.44404771877797095,0
1414,-0.2990849915220617,-0.012703354591451846,1
1415,-0.09044192035076261,-0.1973236598182913,1
1416,0.17984523093374172,0.16476193330583883,1
1417,0.4820937861865951,0.9241314885008517,0
1418,-0.3341390806336628,-0.9490680608938266,0
1419,0.3919838250357832,-0.9067215868344878,0
1420,-0.8962572838031758,0.3935335060123924,0
1421,-0.18158227448674258,-0.003331897900702277,1
1422,0.15954160701086148,0.11313662755262874,1
1423,-0.059910388108350414,-0.11081968438704819,1
1424,-0.1982721686287228,-0.9522068599144701,0
1425,-0.2546310931590148,0.9609918296101405,0
1426,-0.16563891718082274,0.06823192934635036,1
1427,0.10956947174430509,0.09676355061378941,1
1428,-0.198262366047017,-0.10998644642998986,1
1429,-0.6628185306475333,-0.7533474888612292,0
1430,-0.039089348011469634,-0.9264284131261654,0
1431,-0.9714880449661326,0.04336069651354316,0
1432,0.16588179770015188,0.09752731186064553,1
1433,0.05187353959990616,0.08605570410144492,1
1434,-0.35141203246987934,-1.0143507986477105,0
1435,-0.18771340338895434,-0.012503698979410647,1
1436,0.9489220073709155,-0.023501215832750152,0
1437,-0.1363456073754871,0.14499969580812605,1
1438,-0.0038208547569703183,0.16957206165905753,1
1439,0.9395356570654393,-0.4612779590704999,0
1440,0.1414314392901945,0.07188052548149854,1
1441,-0.11142483617110127,-0.08844227884386298,1
1442,-0.2109087329644979,-0.17491952391610216,1
1443,0.011243275871001933,0.23939593712944876,1
1444,-0.10849839192837099,-0.13411038253163873,1
1445,-0.4540272992460224,0.9124490552467249,0
1446,0.8340275112625872,0.5705448458570416,0
1447,-0.02885017857413351,0.12962557073755387,1
1448,0.26578303461124736,0.9720029491748502,0
1449,0.0788633222241491,0.13604635151150543,1
1450,0.5685876375115071,-0.8239105381235414,0
1451,-0.025814184524457932,1.0345546744438885,0
1452,0.16128168436472665,-0.06822730535216966,1
1453,-0.1160954643993582,-0.14770523259853946,1
1454,0.009486105378786885,-0.22984870945139685,1
1455,-0.20840438313501242,-0.05256882388734734,1
1456,-0.03610078367428357,-0.22417539862719094,1
1457,-0.017069460544114394,0.14701035768009632,1
1458,-0.64097900297577,0.774284655934746,0
1459,-0.07105618949519148,1.0310248040297212,0
1460,-0.044802533025945876,-1.080683497233625,0
1461,0.95216437273982,0.23408178641278238,0
1462,0.5647446190827689,-0.8562870232311002,0
1463,-0.13892795205061886,-0.008885443937914489,1
1464,-0.1612743738190111,0.011414630269964546,1
1465,0.1545381591162332,-0.22397373640487145,1
1466,-0.3760841797726812,-0.872013519418175,0
1467,-0.14686673266147804,0.018839415404803474,1
1468,0.002660102678962703,-0.18849486911383145,1
1469,1.097124827508103,0.06766752694140554,0
1470,0.6748697843013172,0.6947824889227346,0
1471,0.5251533672683077,-0.8998714966264956,0
1472,-0.6863254014761979,0.8189789475286179,0
1473,-0.25757622602297947,0.9267059986952383,0
1474,-0.3011962003590974,-0.9722927993841517,0
1475,0.27995086315969764,0.05787969409690908,1
1476,0.03645298863909383,-0.2360937297555832,1
1477,0.23000064387698776,0.07586687651024698,1
1478,-0.6663988296116262,0.7900777275751357,0
1479,-0.05438916036975577,-0.16198045162552727,1
1480,-0.10670494385213107,-0.12993881759040843,1
1481,0.04463988969376737,0.08718354628070649,1
1482,0.1280454521404521,0.955150580707941,0
1483,-0.14886995261503272,0.027530886239136673,1
1484,-0.11393374968949196,0.241068944125712,1
1485,-0.5216665620041159,0.7932772090142508,0
1486,-0.1999708457024119,0.12502051692454408,1
1487,-0.11704498601125979,-0.20899437094000858,1
1488,-0.8092776017031116,-0.5935805709655724,0
1489,-0.17078203716845516,0.13545912118228357,1
1490,0.21790036298036128,-0.09117747224136746,1
1491,-0.8956242918700794,0.24208584256507965,0
1492,0.9444820946371996,0.4641571448428827,0
1493,1.051892472496655,-0.022236035696587123,0
1494,-0.2607651110209246,0.12815224762158153,1
1495,0.052221858240696216,1.0629093416079658,0
1496,-0.5457528283855686,-0.7959616852967994,0
1497,0.8021645934265087,0.6145751372438426,0
1498,0.22716785023281538,-0.03765128886066933,1
1499,-0.24957645520565325,-0.09521436867067992,1
1500,-0.054318741686342965,-0.11909755557322108,1
1501,-0.8588618849542049,-0.4148158818813415,0
1502,0.6160336031946855,0.6928650690667693,0
1503,-0.04829804160798475,0.17922906262696853,1
1504,0.19529528534637852,-0.018820948800984484,1
1505,0.0005671212368235645,-0.2462493184226901,1
1506,-0.15405466638936113,-0.11592336095282885,1
1507,-0.07909434741721497,-0.22781300775989388,1
1508,0.662818316395327,-0.8166140720288485,0
1509,-0.4165856314168559,-0.8986688067390228,0
1510,0.6516671530041934,0.7535148374058506,0
1511,0.19488673751924496,0.03107555509291937,1
1512,-0.13865282785087948,-0.18532604836923497,1
1513,0.9280736592834425,0.05914071494759639,0
1514,-1.0758313794632879,0.04341934637909088,0
1515,0.560237249606897,-0.8364710997461277,0
1516,0.8959680905274359,-0.3950419130627277,0
1517,-0.7185833067055437,-0.7474366188353857,0
1518,-0.027828555927277232,-0.3015895818959823,1
1519,0.8663407130020274,-0.38728620355815563,0
1520,-0.16247201797507055,-0.17846944516591615,1
1521,0.18290296407663584,-0.23228960900035656,1
1522,-0.8559962419215094,0.5144882465689917,0
1523,0.23441760809795376,-0.03980366566963496,1
1524,-0.591904738151373,0.9072116637145808,0
1525,-0.061713535463912894,0.13468084871417452,1
1526,0.5623325278316829,0.7475108148919639,0
1527,-0.6373541050000574,0.8315963550742774,0
1528,-0.40370769341441765,0.9721485404233596,0
1529,0.02341133954491951,-0.21896639872330778,1
1530,-0.8400765380644061,-0.5415482853584992,0
1531,-0.13671101351082893,-0.13294653719854568,1
1532,-0.1798239629784168,1.048441816127748,0
1533,-0.07767814671939159,-0.10220773398372161,1
1534,0.13388028594629262,-0.08365991531113484,1
1535,0.09274241622641446,-0.030574821482388298,1
1536,-0.7585124553481563,0.5920703568931429,0
1537,-0.28665751949188834,-0.07826037231341545,1
1538,-0.9225869824014011,0.192180225088271,0
1539,-0.12668936385907242,0.05814221023027161,1
1540,0.017994088477360122,0.20047665711781262,1
1541,-1.0274378716456323,-0.02024078998188716,0
1542,-0.9803173726686877,-0.17013127628910943,0
1543,0.19081928134245604,0.06125011756367989,1
1544,0.8659837238641973,-0.5633939952454715,0
1545,-0.220549028739706,-0.13453786768523907,1
1546,-1.046360248594462,-0.36934807544257076,0
1547,0.09111130376148022,-0.16766089484584046,1
1548,-0.08983708713975587,0.16364662698038143,1
1549,-0.16733679237118976,-0.17731298720483668,1
1550,0.185171997049438,0.16962768835227401,1
1551,0.8723199442771918,-0.3287952781170637,0
1552,0.52681548410512,0.9367111053681993,0
1553,-0.6023171212557114,0.8183701792388232,0
1554,0.9807524042690331,0.3067287554839336,0
1555,0.26678370508875676,0.07611935051812409,1
1556,0.14018676842351718,-0.11608442707983142,1
1557,0.2265901746071129,-0.0459693907095175,1
1558,-0.22233059864291324,0.02809011097199274,1
1559,-0.010174566252957089,-0.22484114227247187,1
1560,-0.9262640219315571,0.39046536755143774,0
1561,0.6014984917824625,-0.8346720889934487,0
1562,0.15016523858366793,-0.24200828645521677,1
1563,-0.08958781045638929,-0.13322128010527243,1
1564,0.09025465570671928,-0.1450078490355391,1
1565,-0.15671930775370818,-0.028591864220882925,1
1566,-0.9201962622767155,0.3029249672076803,0
1567,-0.11731571525305697,0.220278603840953,1
1568,-0.12639042957684396,0.06869184305725626,1
1569,0.2416197119441352,-0.9619253233570708,0
1570,0.7857113611161357,-0.7368565410086457,0
1571,0.08952167727763778,-0.20943999855974435,1
1572,0.37012180487083635,-0.8887370064630623,0
1573,-0.026423433290375935,0.2535417798341336,1
1574,-0.22410968872373002,0.1300801816242459,1
1575,0.22074416742427333,0.020457217853979442,1
1576,-0.9150480843353255,-0.4979838244715563,0
1577,-0.06665248580873209,0.21935090169958793,1
1578,0.906528747545291,-0.43495686051986165,0
1579,-0.5638116234780225,0.823328613052145,0
1580,-0.1043434779070779,-0.11225632476278473,1
1581,0.14993083526605955,-0.08408289508969793,1
1582,0.12771481864148873,0.19115111235001422,1
1583,-0.9969513262731017,0.23891933675478477,0
1584,-0.028569608467287712,0.09326666031413636,1
1585,0.02251978657651872,0.17098364209425423,1
1586,0.2105568769769953,-0.16089727565256415,1
1587,-0.15270340204412078,-0.08067074371040502,1
1588,-0.5752040767385422,-0.7801240731325243,0
1589,-0.8899820425297715,-0.46984214847391503,0
1590,-0.6461946598652332,-0.8024208457847577,0
1591,-0.7679754696362446,-0.6406161075362542,0
1592,0.8134797808521224,-0.6232416401088003,0
1593,0.1064449986947102,-0.12743271883867616,1
1594,-0.19706756082789909,-0.11866939398692293,1
1595,-0.14248629617713776,0.10045348510409241,1
1596,-0.16537957824552071,0.19777312514202736,1
1597,-0.019057903240110002,0.26853324155672087,1
1598,-1.0378561781214832,0.2947495728422411,0
1599,-0.1138959666002618,0.13297715057768694,1
1600,0.2697336747465996,-0.9791690975492263,0
1601,-0.29046733894583254,0.990648479279663,0
1602,0.8904258244888841,-0.40628604659070255,0
1603,-0.15458228663888313,-0.9599677871128954,0
1604,-0.20098383591575392,-1.0331229159231334,0
1605,0.4904329442727269,-0.855949529620233,0
1606,1.0534014193277974,-0.29824622727782346,0
1607,0.07655147276034838,0.1414445338387122,1
1608,-0.10659609928588012,0.16351913192709364,1
1609,0.10254610754546283,0.029499040574592118,1
1610,-0.18468765865733244,-0.14528802112631373,1
1611,-0.854245565409496,0.23737657567016848,0
1612,-0.7920263669878285,-0.4455922944185861,0
1613,0.6371044326378033,0.7979499604571354,0
1614,0.5685464660235409,0.8218319365914277,0
1615,0.12597564479125312,0.09105744702822383,1
1616,0.013695079547357653,-1.0104885290987944,0
1617,0.136369101247817,0.20514855594308185,1
1618,0.5973327363240013,-0.7377348154325785,0
1619,0.928768163889536,-0.3766513328652097,0
1620,-0.15072710051897525,-0.20812854376928955,1
1621,-0.06596945065979457,0.20674181067846703,1
1622,0.026675535976466866,0.2271391889314229,1
1623,0.047441803783096315,0.18210883642584694,1
1624,-0.6509167424891861,-0.6609143298699163,0
1625,-0.13515392754771505,-0.08896855858636776,1
1626,-0.7579030507437117,-0.7243218966669065,0
1627,0.524192879918168,0.875576774480415,0
1628,0.7938871920844085,0.6067459765925812,0
1629,0.2589552915383392,0.04507609239592019,1
1630,-0.16951572966092573,-0.12858493325950576,1
1631,-0.6900365037728857,-0.6853085577262037,0
1632,-0.12459258459798532,-0.1874591212173451,1
1633,-0.09866068157940332,-0.09330903911091652,1
1634,-0.44544962195617155,0.8654107732497577,0
1635,-1.0059520420498065,0.09729116437583926,0
1636,-1.060736247171087,0.00707695846284663,0
1637,0.16818516069325412,-0.07121256574765879,1
1638,-0.15833331706096282,0.045448155220586685,1
1639,0.0022706182004630718,-0.17421140821292197,1
1640,0.9039965931601615,0.6561263934282763,0
1641,0.4230057544652469,-0.9517090223962714,0
1642,-0.9206530645885279,0.46654610120668083,0
1643,0.13109350531848882,0.11753338287590542,1
1644,0.9954406903262735,0.3204322920497644,0
1645,0.6485695282097845,-0.9151392338757459,0
1646,0.03453853754420811,-0.21482918159524,1
1647,0.9297848544690619,-0.20465610046383848,0
1648,-0.192666679671902,-1.0250770225983226,0
1649,-0.10551929179702772,0.1248923241404854,1
1650,-0.1314931235818556,-0.13153352965842482,1
1651,0.17841078659040263,-0.0785500598999509,1
1652,-0.1322453251680463,0.1469119738930967,1
1653,0.15366814317606528,-0.11499860416741148,1
1654,-0.1311669241858638,-0.14618469475478588,1
1655,-0.1960446415951063,0.18903543696706004,1
1656,0.17897189823766174,-0.9419369222388924,0
1657,0.7028162083075936,-0.6090814641381337,0
1658,-0.8242524650239219,-0.35677073614963034,0
1659,0.20286728278727906,0.004639845873293538,1
1660,-0.09513628786482745,0.21352670580460859,1
1661,0.8527231467656802,0.4318667713101845,0
1662,-0.9765351540112499,-0.05963684008609822,0
1663,-0.958926172788687,-0.048709781619024575,0
1664,-0.6014465017795374,0.8976415462333779,0
1665,0.2001487800597096,0.9245143735153367,0
1666,-0.020257442324279576,0.2189914109350465,1
1667,0.6347820250783381,0.7796486382381073,0
1668,0.004603483790515797,0.21309587952445078,1
1669,0.14951491202885148,-0.011760291090895464,1
1670,0.09104458317433303,0.03400733753717888,1
1671,0.3138600374525866,-0.9386152226502049,0
1672,-1.0591202783421338,-0.07751649772154293,0
1673,0.14185285446868004,-0.18405509421596578,1
1674,-0.10872185346519238,-0.08403941200061188,1
1675,0.43954408042370746,0.7838787218848777,0
1676,0.3692839818831299,-0.8879626238904298,0
1677,0.4756089393556301,0.854668543403022,0
1678,-0.09717094277777172,0.10811577154264052,1
1679,-0.20091961482539325,0.13341195876665682,1
1680,-0.03659471921486647,-0.1693484178691639,1
1681,-0.20170793607587661,0.20101371821469308,1
1682,0.1462769740381107,-0.16141396057067808,1
1683,0.6454322767600509,0.6717654351934224,0
1684,0.3290973542036714,0.8558349883778126,0
1685,0.7236072716518379,0.7713551226899423,0
1686,-0.14292603362407946,0.12442951468645802,1
1687,0.1627803263179081,-0.15217165138722744,1
1688,-0.05555713408667484,0.23437784465615108,1
1689,0.796845320592579,-0.6308921701251666,0
1690,0.3011281111072517,0.9990239139994165,0
1691,-0.1748167478322014,0.9548277249391198,0
1692,0.17412062483500637,-0.005033509165888628,1
1693,0.942768052859767,0.2544545952972353,0
1694,0.19345763456914705,-1.0151925122017265,0
1695,0.11408204648370154,1.093095964395765,0
1696,-0.6315654693021084,-0.7831031757982628,0
1697,0.9314901306049718,0.1707208789582181,0
1698,0.08354665360825596,0.2756736715174215,1
1699,0.2126339690337023,-0.08056851082760899,1
1700,0.12916797956332438,-0.00835953696224985,1
1701,0.6733987797382788,-0.7573686605862133,0
1702,-0.5160216189340024,0.8755610243522677,0
1703,0.22276215753864245,0.09969942751424644,1
1704,-0.1579120917978264,0.04500079952089299,1
1705,0.2724141997245685,0.9321869815527841,0
1706,-0.8636855723450734,0.4617809291074305,0
1707,-0.029432813627159153,-0.18179383757697568,1
1708,-0.09366133380840154,0.008424962884842263,1
1709,0.13346470866580679,-0.03936158158072081,1
1710,0.7465535440681447,-0.7134136315258748,0
1711,-0.08017881082085254,-1.1424865615366557,0
1712,0.7567390919272631,-0.5156402901093081,0
1713,-0.157670062384063,0.9567086339302446,0
1714,0.7845685883949812,0.42475674439770794,0
1715,-0.14253944615450598,0.14774814012848442,1
1716,0.3740617657509971,-0.9483400970173786,0
1717,-0.9227725868482409,-0.2333552652491474,0
1718,-0.18729552819928222,-0.12676594640915256,1
1719,-0.1903558104373051,-0.16470669844598632,1
1720,0.8862413237782922,-0.4309177690473568,0
1721,0.1187033213778245,-0.17887408447963946,1
1722,0.07384645616338317,-0.17992149229748478,1
1723,0.12450892773963088,-0.2076659058173822,1
1724,0.4901366069685448,-0.9817454337508348,0
1725,-0.520499802660665,-0.859194706209414,0
1726,0.05379756064198307,0.1749310245265183,1
1727,-0.1310980050572355,-0.08881011898620585,1
1728,0.074339322790944,-0.19100478327348805,1
1729,0.21587022261671224,-0.04249845009044423,1
1730,-0.746173522829012,-0.7686099670918947,0
1731,-0.12033745655256467,-0.17860663509122393,1
1732,-0.10693452963697346,-0.16248895368131738,1
1733,-0.22443476029373557,0.1075346248036533,1
1734,-0.048763923165929916,-0.2776427369669787,1
1735,0.1128024149830163,0.19757019627536296,1
1736,0.2436870125845691,0.9781427818754603,0
1737,-0.11612620037573483,-0.20678910496098468,1
1738,0.271771003609046,0.027303969092090697,1
1739,0.16969299334413918,-0.20296777938452126,1
1740,0.17678429927732683,-0.1412896189254968,1
1741,-0.1389950608705245,-1.0365156914468703,0
1742,0.2551963023781734,-0.02390555165195231,1
1743,-0.30754777313155246,-0.8926105921788189,0
1744,0.2025212950090061,0.1380483376014588,1
1745,0.22424799623046726,-0.11617247485825159,1
1746,0.05536099048768763,-0.19656252645926145,1
1747,0.20065628686997367,0.9990339351401567,0
1748,0.19584611865203616,0.013492038651344369,1
1749,1.010436759850549,-0.06032472766124507,0
1750,0.9273344334356264,0.4033133284861001,0
1751,0.9639787436844792,0.1895096539091856,0
1752,-0.19313337138558898,0.05397515947205997,1
1753,0.1648947879067415,0.9540217433489749,0
1754,0.3735573769513597,-0.8724186033416437,0
1755,-0.12297049090566176,-0.935705541979692,0
1756,0.03260111076157314,0.2957205619070108,1
1757,-0.2189542800596993,0.1530916485290231,1
1758,0.7556140059397743,0.6029869170844377,0
1759,0.5374436358630104,0.9167841254025575,0
1760,0.16289602572990225,-0.04241866115810687,1
1761,0.2701048739205204,0.9105346799527765,0
1762,-0.19828572187322663,0.02092499609030643,1
1763,-0.15461655118245374,-0.11187431673736505,1
1764,-0.15393474888822373,0.9343838726263374,0
1765,1.0204693111686713,0.23698930451032968,0
1766,-0.8944184378375719,-0.409547537034484,0
1767,-0.02212887253702052,-0.16865380400791552,1
1768,-0.14565954096733408,-0.1810313126636965,1
1769,-0.9782826645942254,-0.16905336347443936,0
1770,-0.29856662719932225,0.9301719637244793,0
1771,-1.0214185561684006,0.13484328659133504,0
1772,-0.16495934268181253,0.2335596934402008,1
1773,0.74421358079571,0.7556551909042888,0
1774,0.15041578934201144,-0.029103198418770813,1
1775,-0.28307058121101064,-0.09823268022482069,1
1776,-0.017068865361449474,0.1789538911971299,1
1777,0.988272940342422,-0.431713437977339,0
1778,-0.47840607226458226,-0.8622581817284843,0
1779,-0.1453071416073924,-0.1902758525743763,1
1780,-0.2275624906868043,0.10865773774153742,1
1781,0.191703417430844,0.16776237795655558,1
1782,0.8052256423180695,-0.5744452940333409,0
1783,0.9399413859751985,-0.26373619352739386,0
1784,-0.18837723490429326,-0.02627531547906181,1
1785,1.010009921998864,0.09925056408813213,0
1786,0.138315372745429,0.13574253449285617,1
1787,0.6143341760066955,0.7375648250369706,0
1788,0.8649515504186751,-0.35983229240788805,0
1789,0.08293434067332311,0.18217549273922887,1
1790,-0.2228982302453552,-0.061920175619604584,1
1791,-0.3138309751960363,-0.9667687350016158,0
1792,0.5391710556094713,-0.8424014199473558,0
1793,-0.10779453878828853,-0.10150513571455083,1
1794,0.7330267218764674,-0.6019536201510364,0
1795,-0.15888210671484237,0.03156327993084979,1
1796,-0.7622566630849497,-0.5726192852681676,0
1797,0.20381375461476914,0.016389024260765606,1
1798,0.628734463599741,0.755968099358032,0
1799,-0.0993242026654141,-0.9699665781167989,0
1800,-0.05851424213437148,0.12201033087930596,1
1801,0.24845293721792308,-0.04375109280822022,1
1802,-0.3997836242464677,0.8595632381659025,0
1803,0.4737236710045712,0.9997731036098444,0
1804,-0.10731119014342258,0.18534417471832434,1
1805,-0.9032160886168686,0.32300144786064905,0
1806,-0.16896340885801114,0.1263614590545734,1
1807,-0.8218338234181692,-0.6869401284523725,0
1808,0.1570542447620209,0.12005800597174646,1
1809,-0.15777631914344806,0.08356549195558266,1
1810,-0.22718021239626374,0.9329127184451559,0
1811,-0.07583083579457993,0.12305111787653837,1
1812,0.026519436815309105,0.2283983011602258,1
1813,0.8030731064030002,0.4971889938955746,0
1814,-0.2886303201930586,-0.020116931513906314,1
1815,0.22946178512557597,-0.1531979946749154,1
1816,-0.6214176286679107,-0.7510338543977436,0
1817,-0.04908507868393952,0.17694728431057483,1
1818,-0.20956132875270883,0.9344765303076549,0
1819,-0.2137070471741026,-0.12480481217079721,1
1820,-0.9922507880876499,0.016605683415751984,0
1821,-0.9663054285574236,0.3271392717708718,0
1822,0.0879574754201159,0.20100970521360248,1
1823,-0.1664115064247132,0.04297061649131599,1
1824,0.14951120370479706,-0.12019110699863474,1
1825,0.1740943467707105,0.2117363327979251,1
1826,-0.11022893025205208,1.034371367793745,0
1827,0.25400781441702136,-0.9449647585167851,0
1828,0.10703227359232959,0.14026937389318522,1
1829,0.09741707686439977,0.2737415731323591,1
1830,0.9336315711851506,0.19191027074956343,0
1831,0.18004795541810625,0.08260848917243274,1
1832,-0.4563611290192366,0.9257967354622613,0
1833,0.07012869809819577,-1.0890376490423996,0
1834,1.0427073579046429,0.15083409022848548,0
1835,0.7200996181783403,-0.6995108285320879,0
1836,0.20424246821306616,0.07784941668812234,1
1837,0.8799851057826686,0.507874438407386,0
1838,0.13747630987265433,-0.9206817452608014,0
1839,0.2233933747961629,0.20648856299264437,1
1840,0.1574925765089099,-0.09732420477300194,1
1841,0.24112491049756507,0.09328599053346262,1
1842,0.2513902873894697,0.18013028275356324,1
1843,0.13107849809501998,-1.0227264724310947,0
1844,-0.2676153476529627,0.07189964541745852,1
1845,-0.9611304066734984,-0.47682321693132934,0
1846,0.25976597866279977,1.0310933100088204,0
1847,0.045636816362799544,0.2387270727590073,1
1848,-0.034216457009386254,-1.000840107309102,0
1849,-0.8834879154448179,-0.5803367303033968,0
1850,0.8223562571487384,0.6787033792532609,0
1851,-0.07188106798650348,-1.0086659901523818,0
1852,0.8525635816580405,-0.38559968531377975,0
1853,-0.08080543804955427,-0.06225790862496052,1
1854,0.8967914995115079,0.5847235371369955,0
1855,-0.7160643377820812,0.7245494428532848,0
1856,0.6734160429742171,0.7043943764219958,0
1857,-0.11345866436852409,-0.14621026422735917,1
1858,0.9920603793994796,0.06391834487285755,0
1859,-0.2577362220533461,0.19891200751530513,1
1860,0.2078828127158199,-0.10831465791237865,1
1861,-1.0142306419518834,-0.3519770083843422,0
1862,-0.7361510565292692,0.710746873394382,0
1863,-0.20574908510383966,-0.08111825453530905,1
1864,-0.8114302452655175,0.7076208424264498,0
1865,0.31550261641342825,0.9804069304373801,0
1866,0.9238156111321173,-0.44303773518705447,0
1867,-0.5921712964311504,0.7838064271625989,0
1868,1.0086003924582427,-0.18945071712722655,0
1869,-0.2409448127141255,-0.06462783603871475,1
1870,-0.1478054040892321,-0.049306914565644955,1
1871,-0.7835895639560617,0.6658376502902387,0
1872,0.4171396433454471,-0.9889028666454962,0
1873,-0.1188361455442575,0.08371522078507679,1
1874,-0.03112897117385613,-0.18557133653417107,1
1875,-0.0005020345998903511,0.963030037536181,0
1876,-0.18988569989228704,-0.16189185922842647,1
1877,0.05690395127780237,0.142539334516963,1
1878,0.16574350293434678,0.16050333002618739,1
1879,-0.15589704199849602,0.017131328360770186,1
1880,-0.05864041643339467,-0.12839413419186974,1
1881,0.452251699719365,0.8713502736695905,0
1882,-0.05772968246628843,-0.10737907740461254,1
1883,-0.04808395386732481,0.1908871806343837,1
1884,-0.8794297946422969,-0.3438905382870966,0
1885,0.13221630581625815,-0.15164730294182513,1
1886,-0.7095863998084293,0.748825902045505,0
1887,0.8421631871784566,-0.5419581665442484,0
1888,-0.18952720928659927,-0.9673655635068683,0
1889,0.33293310679537297,-1.013330472652832,0
1890,1.0124503533222433,-0.3063302781012706,0
1891,-0.018009220382998504,0.19258142360539973,1
1892,-0.1483105180726382,-0.21479045089132404,1
1893,0.09284341772102173,0.14357559918092394,1
1894,0.20176350218199943,-0.18700108892455491,1
1895,0.04864122401383371,0.16150270352149018,1
1896,0.7378974247610247,-0.8046564483161189,0
1897,1.0053268741616037,-0.11517957178213302,0
1898,0.18280186702457757,0.17426047792784072,1
1899,0.27583625658723165,-0.111772899656781,1
1900,0.152847957493846,0.059335237393135024,1
1901,0.9873904407615178,-0.3299673583831678,0
1902,0.19765223522988004,-0.9270879404109476,0
1903,-0.46279254267112674,0.9567512710009629,0
1904,0.3197239767471242,0.9078683195092265,0
1905,0.8293719409966541,0.47825862920829143,0
1906,-0.654247922729806,-0.6947124095726015,0
1907,0.8711283907333985,-0.5774081258958866,0
1908,-0.1638931055521527,-0.1367624274928995,1
1909,-0.6873794726335575,-0.6614745579732976,0
1910,-0.8049357348001432,0.5837344825997859,0
1911,0.7809686849162909,0.5371695182563462,0
1912,0.19835133676229033,0.1150344090236527,1
1913,-0.9873785888313547,0.41534800839035396,0
1914,0.14565841015541814,-0.9808278623043676,0
1915,0.1728255395460786,0.12146773817119014,1
1916,0.1494823091813083,-0.12125385178370263,1
1917,-0.3261544962851573,0.9846481787753166,0
1918,0.9218419555455057,0.3027187203366519,0
1919,-0.1797053389285322,0.16329120936523417,1
1920,-0.0029430151315420275,1.0235826933129435,0
1921,0.7035403948506033,-0.6641099220462447,0
1922,0.2115321134807185,-0.006923476651493697,1
1923,-0.1200728483811703,0.05319791787316641,1
1924,0.2368582507010656,0.010613488603490914,1
1925,-0.1010828955852324,-0.07527932667301075,1
1926,-0.7645146450819977,0.7158530405323467,0
1927,-0.44126120932391044,0.8920082859352164,0
1928,-0.06023569472715558,0.9750663120507906,0
1929,0.026240411915464446,-0.9230571511006084,0
1930,-0.17997203801904196,-0.07721257637990558,1
1931,-0.17741333600728695,0.05932216536992618,1
1932,0.05976113220601574,-0.024688392037869267,1
1933,0.15161249967229745,0.11945215388129764,1
1934,0.2248117612533181,-0.14685115817961958,1
1935,0.6157470986376925,0.6768157510929983,0
1936,0.3160516931623448,-1.0312233624243978,0
1937,1.0173773124552248,0.20463464315671626,0
1938,0.06829715212679228,0.2039839686415299,1
1939,0.6715692218828534,-0.6911280299123569,0
1940,-0.19677628233479474,0.059998100873622104,1
1941,-0.9914776431497384,0.02056744139370438,0
1942,-0.4227681337770253,-0.8882784549531181,0
1943,0.6053104505737608,0.8934339833873952,0
1944,-0.01865186009849222,0.9812852667120405,0
1945,-0.24175531217157953,-1.008064798599806,0
1946,-1.011552678730741,-0.23700502902031972,0
1947,-0.9848663912767297,-0.2423971382230795,0
1948,-0.6652753389795055,-0.8295939673331717,0
1949,-0.2669856659230303,-0.8551424710834391,0
1950,-0.03728590339540232,0.22017958557988082,1
1951,0.01088253309071871,0.21044811578003664,1
1952,-0.8269793690184546,0.5008070939040883,0
1953,0.9103267706958057,-0.5202713241137569,0
1954,0.11019425971069338,0.2062968970051106,1
1955,-0.6085985699207028,-0.8846103992356997,0
1956,0.3590882591229817,-0.8856793135139684,0
1957,0.2167020605674913,-0.09122823214196979,1
1958,0.12074544695726844,0.1945921815542598,1
1959,0.7541811068307916,0.6136676208812105,0
1960,0.6324097025203065,-0.7652112560686868,0
1961,-0.962577350603767,0.2949633978521172,0
1962,-0.2574023192755733,0.13177816386720526,1
1963,0.14846583103531516,-0.06660573199297906,1
1964,-0.034267500901189005,-0.11328570868440233,1
1965,-0.05963005087813811,-0.9913318345233303,0
1966,0.947995893596256,-0.18049331810252736,0
1967,0.6837348793912887,0.6291032845820788,0
1968,0.28139946893791074,-0.10180217602201547,1
1969,0.22295707241174645,-1.0832401365640174,0
1970,1.0214660595321976,0.43625151235756865,0
1971,0.6076974792307114,-0.7650976494059453,0
1972,-1.0017668810104863,-0.2091449523331488,0
1973,-0.07417005468815095,-0.22477424554803574,1
1974,0.5058185991734001,-0.8177628858301962,0
1975,-0.10497384957095617,-0.09407090345140287,1
1976,0.471050761003602,0.9088567426493933,0
1977,0.8697636229458601,0.48294453292688716,0
1978,-1.0259421391514567,-0.3430992611135572,0
1979,-0.2795809018507827,0.02866139261134299,1
1980,-0.15441679592934582,-0.9097009275004253,0
1981,-0.40543556380884804,0.9210671727460146,0
1982,-0.11756535255146552,0.0663049829995072,1
1983,-0.8023701310198271,-0.6962839736593028,0
1984,-0.25576478168141525,-0.023442381194147086,1
1985,0.19793251484448846,0.07299266181553757,1
1986,-0.7817701902666645,-0.573532418660792,0
1987,0.18710835008277887,-0.23023397703321696,1
1988,-0.06595637374717403,-0.31878608979413403,1
1989,-0.17626162020702338,1.0432021682295474,0
1990,0.005496481226837673,-0.1670414241675744,1
1991,0.19323937577033573,0.053042464230096134,1
1992,-0.22392737070482482,0.23075563194054882,1
1993,0.00030166968211878253,-0.2643656733631847,1
1994,-0.016590141565019034,-0.9700125188418521,0
1995,0.5035752549013958,-0.8749011979766518,0
1996,0.11408861425488015,0.167022762696162,1
1997,-0.15697874826957894,-0.12776809702653733,1
1998,-0.9017761950593988,-0.42678829074917185,0
1999,-0.36343478039032207,-0.8171954854051942,0
